id,worker_id,course_id,date
68e9ba86-1589-4a85-b96a-add734d9805b,4bb3a531-27a8-47d3-a644-38fc4868b98c,36a0e959-621f-487c-bbcc-f22fcd5293ff,2025-10-04
387b3816-08d2-4fac-8da2-11970858fd87,e7eade17-ddde-4f41-a74d-28f1011e2cd7,b361bdaf-2411-463d-960a-222d684df799,2025-10-04
bc54bd8e-d8d8-4c9a-9952-61cc0f76e93e,cccde60c-0811-4888-a87a-9a4e22a6eaad,0bee37c7-0d0f-4ac4-85ac-9dd17756d0b7,2025-10-04
f977d37b-6706-459e-9bd7-8c942326e00c,aa7aad70-2c4d-47d9-8d3b-fe5544bff744,9624f2ed-8235-461f-a37c-051d7e33d0d8,2025-10-05
ba150004-f51d-441c-9a05-9b33cf4a74cf,aac2c41a-2408-44b9-9617-140f86e3d4ec,49185c46-3387-4d1c-b140-beba61e24a7d,2025-10-05
61349e36-25e2-4e5f-b6b9-6290ab8e5b47,1af973dd-e5e0-4735-a5f3-c8fe1b0a8a57,6ee76a6d-13e6-40e8-95d8-3e04d4270dae,2025-10-04
14169126-0924-4808-bf4a-d4d3d29fe503,639c9a90-e5e5-492b-bf1f-27b69a17ff57,59e1db1a-84bc-41bb-9487-901f47097571,2025-10-05
27bb28d1-a495-40ec-9bc6-db35b3fa9542,bbd6f8b0-7583-4e05-8379-574f9cb0ee3d,8acc6eb5-08f4-465e-844f-74e29f9bc851,2025-10-04
6bde901c-39b7-4b13-9c12-dbf781afa8a6,b0cfaef5-5b10-4fcd-b902-be3e52aa124c,1e90a8bc-6907-4288-8b0d-d35650a0aca4,2025-10-05
6b642ae1-d4df-4d8a-a9bf-e475d381561a,7e3d83a0-1535-433b-90e6-bf6f8c1fb04c,f5bcce6e-3aaa-4664-8542-ce3fab99b896,2025-10-04
738bf358-6919-464a-922e-8993c6f0c5b4,f06207d1-a62d-40b9-af7d-c10c3eb9a443,8c5b62d3-682e-4c8f-8b26-5da28bbfd0bd,2025-10-04
7547a34d-ed84-4f63-b1d4-a64a1e14c1b0,e7eade17-ddde-4f41-a74d-28f1011e2cd7,44489c31-e844-4879-9fdd-ecbde381be53,2025-10-04
6491c887-efb8-4051-8e8b-48ad2913729f,faab6791-a37b-45d8-8493-e0bb03ceb931,69ed10b8-f031-49f2-bea7-d96c4f9cb686,2025-10-04
929fff45-1a9b-4de4-abb2-670e9776b53a,cacd3a10-adfd-4c8d-88b1-5de389962517,9adf6b3f-2475-40d0-8b86-0f6163532cdc,2025-10-04
e8ee4b9d-535d-4a19-b25a-598ddb4562cc,0793f743-ffd8-453f-b53d-5ec0f7ab0a83,5c6a208b-5ccf-40c9-bb5d-aa65f9b7b13c,2025-10-05
f71f0548-34e3-4414-973b-5a61f008816a,8c65440d-2256-49dc-a6db-8664a506b3d1,aa4ec40c-5f68-4e35-8cf1-3a112fc42f76,2025-10-05
26321f2a-1ed3-48f0-8126-2ae00534e5d5,0abed7a3-7d53-4568-8248-44b6b7083a45,0bee37c7-0d0f-4ac4-85ac-9dd17756d0b7,2025-10-05
0f46a23f-23a8-4cbf-9f98-961df8b8245d,aa7aad70-2c4d-47d9-8d3b-fe5544bff744,69ed10b8-f031-49f2-bea7-d96c4f9cb686,2025-10-05
d23df62a-1a11-4ab2-b65e-924f74a72824,b4caef0a-914f-4bb0-a679-07f2ca0c9540,ca1ebdf7-b53b-4b71-b3d0-eb80214c5ef8,2025-10-04
7a1be646-f098-467e-99ac-91876f59e27b,4eeaba2d-b113-4a2f-9726-c39fa23f508f,9858b00b-638a-4d56-8c42-77fdcacc1c1c,2025-10-05
967e4dda-1a1c-4fe9-9600-4c88f3949574,aac2c41a-2408-44b9-9617-140f86e3d4ec,aa4ec40c-5f68-4e35-8cf1-3a112fc42f76,2025-10-04
07402822-6858-4650-ad84-e6c150972834,c740b9c3-38dc-4748-b55f-a1d1c946b155,dbdbc2ef-cb6b-4a9d-bd95-1979539a3b3c,2025-10-05
6ef29a13-cb07-41d2-8d31-eaf310514328,6a242240-0a7b-4dc9-bd1d-52587d677a28,d5f96fb3-cc62-480b-b427-352b079f24e8,2025-10-04
7254f2a9-4616-4f80-852c-72c057935a90,0f63061c-adcf-4f01-87bf-2c8e81a85707,a34bf1c2-10d8-4c70-bebd-67eaab8fa6a0,2025-10-05
d9de9e8c-3555-4b0d-998c-cc8b947c971a,091590be-5b0d-4edf-b863-c0c1bf9a1afb,75f341a1-73c5-47fa-b55e-5b02f75071f4,2025-10-04
b43e7425-e715-4bf2-80b1-ee72e23ebc05,8c65440d-2256-49dc-a6db-8664a506b3d1,e8e01db0-8065-4088-b532-3de5eae431b5,2025-10-04
aded96ad-11db-4071-b6a7-8a18a489b151,b4b2fb57-609a-4f2c-8976-d10a96339c04,d5f96fb3-cc62-480b-b427-352b079f24e8,2025-10-04
dc0357bc-0338-4706-8b27-74670a68fd4f,727aa402-e84c-473e-b395-f84cbaf0f88f,9b79c73e-1467-46b6-8f24-03724e5f7153,2025-10-05
27b680f7-ac9e-40fd-a99c-530f2a1ae858,c740b9c3-38dc-4748-b55f-a1d1c946b155,9751a3fc-33fb-4404-884f-95198ae5c3ed,2025-10-04
7df6eca7-5691-459a-8596-09f4644685c3,8c65440d-2256-49dc-a6db-8664a506b3d1,3714dc0c-45b0-43af-b721-4377d11229c4,2025-10-04
ef7ba4b5-cc59-4e50-bdc0-443222d083f1,b0a37b6b-3f33-4ba8-aec6-9c16799ec147,ab756aae-c0b0-4a4d-b4ab-1776a67d53a4,2025-10-04
2cf576a7-e145-4852-aca7-8b84162782e5,1769d6ef-a50f-417f-b76e-0ba194f9334b,081422c3-81c7-4703-b893-cdca3b76aacd,2025-10-05
72cbd4ec-333b-47b2-8b94-cad2ea558566,72b0367c-5de9-4b54-a706-83ea8cc2bc61,a6cc7ee9-2ff9-490a-829b-242ebfad8931,2025-10-05
bc7c938f-aea7-4216-a333-f121b9484d51,8c65440d-2256-49dc-a6db-8664a506b3d1,08aa270e-1a78-4ea2-a55b-cc6f9782ad1c,2025-10-05
930c1e93-cee1-4b9e-b4be-4f695accc187,de893412-4fb0-48dc-8bda-eb8bf63e2af2,b26cb43b-5333-43aa-ad46-48c9888d5577,2025-10-04
dac3cceb-cbe8-48d7-9a9a-364edce3d029,0abed7a3-7d53-4568-8248-44b6b7083a45,f6ec2647-0e8e-46c0-8e83-168c2148e8a5,2025-10-04
2e2201d2-555f-4870-85c5-9b05a87d18d0,686030ce-ac94-4d80-8483-3177deeb8b1f,4b3bf973-e421-4050-92a7-65d3f0ce36fa,2025-10-05
91b65ccb-141e-40da-8f8b-a2a906948f13,b4caef0a-914f-4bb0-a679-07f2ca0c9540,e5ef676a-d568-49c1-81e9-93303950984c,2025-10-04
c230097b-a94c-4868-8c03-fc42e5300be1,f57bb1e3-f01b-458b-8515-7958ff5deb03,348ead7a-74b2-4b57-931d-7fc3875043ce,2025-10-04
e42d01bb-4315-4495-93c7-6757c6b38db9,8f0aaf8e-9974-42de-9418-484d73be5712,6290b218-8326-48c6-a059-e9ca4d2d0604,2025-10-05
12576e0e-84cd-49c3-be88-903f4ffe2c33,8f0aaf8e-9974-42de-9418-484d73be5712,e5ef676a-d568-49c1-81e9-93303950984c,2025-10-04
0856a5a4-2caa-426b-9d38-c63c8cbb3fbc,aed89355-899c-46f0-adc7-b2b92158a0eb,6ee76a6d-13e6-40e8-95d8-3e04d4270dae,2025-10-04
afa4faca-b9dd-4de3-87c3-a9047e6d9fc3,b4b2fb57-609a-4f2c-8976-d10a96339c04,9858b00b-638a-4d56-8c42-77fdcacc1c1c,2025-10-04
378b6838-435b-44ae-858d-c25967fd0980,b3bc5d52-8c23-44c2-8b63-fd9937f096b6,958d02f0-6e9d-461b-a744-f29fcf804799,2025-10-05
fb6ace9e-27fc-4b7d-a8e3-92c5889d8ebc,72b0367c-5de9-4b54-a706-83ea8cc2bc61,36a0e959-621f-487c-bbcc-f22fcd5293ff,2025-10-05
60b567cd-b458-41f2-94f2-112e680355eb,cc30ae17-6eaa-425f-9f9f-ab43c262f19c,98291b87-41c4-4858-9506-8186e898c0a9,2025-10-05
415cbd9e-c39b-470f-9ccc-6ddb56b09c77,72b0367c-5de9-4b54-a706-83ea8cc2bc61,b361bdaf-2411-463d-960a-222d684df799,2025-10-05
078fa2db-db2d-47bb-9623-f61be19c9aa1,f06207d1-a62d-40b9-af7d-c10c3eb9a443,335bbf7c-fea1-48da-8c00-1796bf0acacd,2025-10-05
30c9da9e-1863-411a-bd59-c96c1e35eefd,48415c6d-0326-4cc3-a3db-dc35a5c1207c,08aa270e-1a78-4ea2-a55b-cc6f9782ad1c,2025-10-04
c2824403-f71e-4ddb-9439-bd87bfb6f71e,960a5ed7-70ac-417f-a263-d9ab19272c2d,64089448-1023-48e0-a8c6-a0e9c78b1516,2025-10-04
44a6a7e2-6ee5-4496-b13a-b2624f612ea9,cacd3a10-adfd-4c8d-88b1-5de389962517,c4356445-4a39-4f94-a53d-bf985738ac4c,2025-10-04
0f9a2288-d667-4f64-b687-621f9c72fc11,e7eade17-ddde-4f41-a74d-28f1011e2cd7,44489c31-e844-4879-9fdd-ecbde381be53,2025-10-05
bffb9ceb-f75e-4cd2-b94d-f67f9a39584f,e7eade17-ddde-4f41-a74d-28f1011e2cd7,8c5b62d3-682e-4c8f-8b26-5da28bbfd0bd,2025-10-05
7450e85b-0849-4341-a78d-2ff3d4b59467,f57bb1e3-f01b-458b-8515-7958ff5deb03,636d11b8-b20e-4002-a16b-18c303ea0ae4,2025-10-04
b1df5f97-1979-4f56-b1ec-620602ffd641,87c02581-5dbc-48b1-93fe-4e3f0c8831f1,b361bdaf-2411-463d-960a-222d684df799,2025-10-04
f81c80ec-6a61-466e-9ef8-107af1280d45,aa7aad70-2c4d-47d9-8d3b-fe5544bff744,6ccee7e4-5dad-40c7-95ac-daef5ce885e2,2025-10-05
d9741fae-4d5f-45ef-bf09-578b02f36c87,5dff8c85-867a-4395-a4c9-5df208f7c7a8,335bbf7c-fea1-48da-8c00-1796bf0acacd,2025-10-05
3af0091a-18be-43a1-b5ac-3b5955154054,bbd6f8b0-7583-4e05-8379-574f9cb0ee3d,b361bdaf-2411-463d-960a-222d684df799,2025-10-05
04086009-8449-4478-af0f-c1bd0fb25493,e7eade17-ddde-4f41-a74d-28f1011e2cd7,0ac50b23-c5e4-45c8-8300-9af01d835805,2025-10-05
12b9654b-9ed4-4a3c-b904-966bb3a2414b,f06207d1-a62d-40b9-af7d-c10c3eb9a443,69ed10b8-f031-49f2-bea7-d96c4f9cb686,2025-10-05
bbd92440-e18d-47b9-8e2d-80d174f44568,0f63061c-adcf-4f01-87bf-2c8e81a85707,54047ab3-0885-4ce7-b5c1-a498740e5560,2025-10-05
599627a6-b3fa-416c-8c32-31f46af6a3fe,25ff710f-da2e-4520-8dc0-de9c9148f874,e6f3afa4-05c0-4945-abee-417e3ee43332,2025-10-04
9b5688cb-3832-4375-9e74-7593929b4c35,7a8ac316-a3a6-46fe-8948-24151886401f,0ac50b23-c5e4-45c8-8300-9af01d835805,2025-10-04
d9503948-e96c-4a1c-b331-685dca5ccf25,48415c6d-0326-4cc3-a3db-dc35a5c1207c,aa6f89f1-836f-445f-8250-b5711f61a6f7,2025-10-04
130baba3-605d-4d93-9823-899f5a35d7a4,00a0ccdf-5402-4a02-99c9-b0a12a0d5e65,54047ab3-0885-4ce7-b5c1-a498740e5560,2025-10-05
43a75c4f-e49c-4612-aef1-890ba2659b1e,1769d6ef-a50f-417f-b76e-0ba194f9334b,ef79a665-4f0b-43a1-b043-9eca69fa60ca,2025-10-04
df10d8e3-25ef-4694-8ed9-d39871276251,e7eade17-ddde-4f41-a74d-28f1011e2cd7,36a0e959-621f-487c-bbcc-f22fcd5293ff,2025-10-05
8d1b4567-c641-4cd0-b96d-f6bd0f1b8b07,a8d224e3-9b54-40f2-b88d-a6ef89a588b6,738ab84d-417d-40e3-9685-69b5e54a331c,2025-10-05
0865284e-7bd6-4f1f-941e-870e67e57cc1,32aa4b26-5b83-414a-8a6c-c8a60e296c8f,d5f96fb3-cc62-480b-b427-352b079f24e8,2025-10-04
d07158db-dc90-4fc8-b563-06001852553d,96eb8b4d-08da-4fdd-8301-3a293ee4dd1f,958d02f0-6e9d-461b-a744-f29fcf804799,2025-10-04
a8460fe6-3bd9-45d7-bf62-8eda22793edf,72b0367c-5de9-4b54-a706-83ea8cc2bc61,96bdb72c-1ee4-4e50-949c-be8b94218add,2025-10-04
2ebf5ed1-9dc5-407f-b5d8-9110001e9edb,960a5ed7-70ac-417f-a263-d9ab19272c2d,b92fb64a-d0a0-42f4-9c03-11126a652447,2025-10-04
df8bdd39-4d4d-4504-9d53-1d12e88e839a,20d9d3cd-2d25-4d0e-8297-cda2f93d9de6,081422c3-81c7-4703-b893-cdca3b76aacd,2025-10-05
dbef8c5d-d2da-4cd0-859a-5750c69a57c2,aa7aad70-2c4d-47d9-8d3b-fe5544bff744,9624f2ed-8235-461f-a37c-051d7e33d0d8,2025-10-04
dfef6ba1-d34c-4e10-a095-266165b98c05,96eb8b4d-08da-4fdd-8301-3a293ee4dd1f,e5ef676a-d568-49c1-81e9-93303950984c,2025-10-05
214bc16d-e65c-4332-a61e-fc59691698c1,d462581f-d396-40a0-8447-e8059e9f71bf,4ebe259f-2511-4d15-b54c-417c294f9164,2025-10-05
201929e1-1a8a-4a90-987a-a6c540440669,7e3d83a0-1535-433b-90e6-bf6f8c1fb04c,b26cb43b-5333-43aa-ad46-48c9888d5577,2025-10-04
f85c12c6-1fcf-4ad9-99d7-2ddbbdd60abc,b2f80605-45af-4808-8bb3-08b7e0514a66,6ee76a6d-13e6-40e8-95d8-3e04d4270dae,2025-10-04
dd48761b-c7c4-4635-93e8-78dab8083d3e,250728ca-1d03-4abd-8bb5-8fb82210a8ee,23ca0089-1ec1-4fdc-a5c9-b730efb0740e,2025-10-04
ed44c6df-e6b7-409f-be1c-8dbd7691c8d7,b4b2fb57-609a-4f2c-8976-d10a96339c04,5a8223f9-e75a-48b3-ac47-a981a9b66a18,2025-10-05
7742963c-cd1f-4bdc-a38b-c4ca246c4e11,8ed53e6d-f1bf-453e-9439-5a282400afe1,e9de3af4-7492-4dbc-ab0d-4a9a9a409460,2025-10-04
4e5e53de-d715-4577-8a13-7df014cf9a32,f9397031-4637-4258-a31a-6b56e230ca79,4ebe259f-2511-4d15-b54c-417c294f9164,2025-10-05
72f793a8-3222-460c-8979-a02fcc6e3a22,b3bc5d52-8c23-44c2-8b63-fd9937f096b6,b361bdaf-2411-463d-960a-222d684df799,2025-10-04
53c282c0-d1db-4382-871c-e67d4020b6ac,faab6791-a37b-45d8-8493-e0bb03ceb931,7a29e039-5e09-4933-99e0-7463245eb346,2025-10-04
e9a420a6-f184-477f-9e70-11bdeba2f46a,f9397031-4637-4258-a31a-6b56e230ca79,78408550-d7e9-4cf3-b36d-4c78c5948cd4,2025-10-05
d74f2c24-55ce-414f-8e31-4768840b6b1e,b60a3666-0256-41bf-9cd6-33e6f86d5d90,e8f7c031-dcc9-4d55-8093-c15782c71f43,2025-10-05
0987136d-776c-4c75-a64f-e454f6e603b3,aed89355-899c-46f0-adc7-b2b92158a0eb,36a0e959-621f-487c-bbcc-f22fcd5293ff,2025-10-05
e925836e-3e62-48ae-b16b-b97ccb130b43,d462581f-d396-40a0-8447-e8059e9f71bf,7a29e039-5e09-4933-99e0-7463245eb346,2025-10-05
e17c5c56-e24a-4cae-987d-bf96932b3ef8,7e3d83a0-1535-433b-90e6-bf6f8c1fb04c,4b3bf973-e421-4050-92a7-65d3f0ce36fa,2025-10-05
530d0030-dce9-4015-afd2-0aa2fb7c513d,96eb8b4d-08da-4fdd-8301-3a293ee4dd1f,cff376e0-f1c6-4a84-a987-aeed5b72689c,2025-10-04
f97c10a5-90e6-4cca-9b4e-6a3e3ecd3ef9,57cc19f7-a43a-48ac-ab6d-5bcd4329070d,aa4ec40c-5f68-4e35-8cf1-3a112fc42f76,2025-10-04
00e2960e-ac45-4993-b3f5-02d206a0e077,32aa4b26-5b83-414a-8a6c-c8a60e296c8f,69ed10b8-f031-49f2-bea7-d96c4f9cb686,2025-10-05
e348393d-0a1e-428a-b482-d514e63998f2,48e96ae9-dccc-4cb9-bb0e-eccfe9ad2c20,637e09ce-2fd2-417f-996f-5035ba819345,2025-10-05
2605ae5e-9555-4f8c-92c3-586306ce16c0,8c65440d-2256-49dc-a6db-8664a506b3d1,8acc6eb5-08f4-465e-844f-74e29f9bc851,2025-10-05
2b5c7a26-4920-4a19-b7b8-a2574ea6c27d,b60a3666-0256-41bf-9cd6-33e6f86d5d90,e8f7c031-dcc9-4d55-8093-c15782c71f43,2025-10-04
bbe572fd-0cfd-4aea-9785-cd1f5cca5313,b2f80605-45af-4808-8bb3-08b7e0514a66,b729e05c-1a16-4a05-a211-7bfd8bfe9cde,2025-10-05
e5da193f-7cdc-44aa-b793-a3c997d68b34,8f0aaf8e-9974-42de-9418-484d73be5712,2a95ae73-6b19-44e6-ba5a-cf52cfd1d68a,2025-10-04
c0802e63-71ab-4d4e-9991-e21501ee2329,0f63061c-adcf-4f01-87bf-2c8e81a85707,214b30c5-99ad-4290-9c2a-b5ab4a4d9195,2025-10-04
ac79d144-0c96-4f92-a948-c0427096965c,35df9f07-7ae0-4e70-abc6-e046f442e11c,7a29e039-5e09-4933-99e0-7463245eb346,2025-10-04
47fbe499-5c25-4fa3-8c9b-514fb2589dae,0abed7a3-7d53-4568-8248-44b6b7083a45,4ebe259f-2511-4d15-b54c-417c294f9164,2025-10-05
6712d62e-df7b-4ff7-8626-1d8b1c6c3c81,4eeaba2d-b113-4a2f-9726-c39fa23f508f,738ab84d-417d-40e3-9685-69b5e54a331c,2025-10-04
a7dcc7e6-08df-4bbe-bd3e-403933a5667f,c740b9c3-38dc-4748-b55f-a1d1c946b155,4ebe259f-2511-4d15-b54c-417c294f9164,2025-10-04
8d313066-ecda-493e-8c89-72caec102037,7a8ac316-a3a6-46fe-8948-24151886401f,7995696d-7e15-43f6-8320-0ab1c61e866e,2025-10-04
ebbb985f-3b77-426c-9235-d722e05044dc,6ed787d8-3fa2-4335-8434-70643c94494c,a6cc7ee9-2ff9-490a-829b-242ebfad8931,2025-10-04
f8e4c177-ad0f-48f9-9b07-e7475909fb53,34d5fee9-cff8-4f5c-a12f-8acef7bb06aa,6ccee7e4-5dad-40c7-95ac-daef5ce885e2,2025-10-05
263ff7d2-5094-4a26-8a8d-18d3ecb69e21,17e1cea2-9562-4383-9319-88b48f8c8e71,5c6a208b-5ccf-40c9-bb5d-aa65f9b7b13c,2025-10-04
50e72c93-cb79-4ab1-9dd2-8226ac5568a6,6ed787d8-3fa2-4335-8434-70643c94494c,69ed10b8-f031-49f2-bea7-d96c4f9cb686,2025-10-05
5e5d9733-e02f-4bfc-8ec1-05586c854f79,7da58fd0-31e7-4eb4-b4f6-13e91c0ea46d,79ca128e-0127-4362-ad07-cc2af36394b4,2025-10-04
3e39cd10-55d0-487b-a771-a359fa987093,23bb3f27-a342-4a6d-b081-ecda8c162eac,b26cb43b-5333-43aa-ad46-48c9888d5577,2025-10-04
4532e2ff-3e28-4fbb-b69e-db8fbdbdab05,5dff8c85-867a-4395-a4c9-5df208f7c7a8,aa4ec40c-5f68-4e35-8cf1-3a112fc42f76,2025-10-05
31f620bf-f85f-45d0-b666-a319472ec388,4eeaba2d-b113-4a2f-9726-c39fa23f508f,1e90a8bc-6907-4288-8b0d-d35650a0aca4,2025-10-05
047e45a4-9dff-46d5-a838-81bfdc8af401,b4caef0a-914f-4bb0-a679-07f2ca0c9540,aa4ec40c-5f68-4e35-8cf1-3a112fc42f76,2025-10-05
5ceccf6a-4d83-4e43-971f-415c82ce9f14,250728ca-1d03-4abd-8bb5-8fb82210a8ee,2a95ae73-6b19-44e6-ba5a-cf52cfd1d68a,2025-10-04
8ae55870-87a6-4ab6-b099-2c9ee7be1c15,483313c9-ead9-4572-891f-fb999820c6b1,84633670-2aca-49d5-9258-9c910b1c8a69,2025-10-05
1517f708-6e8e-4709-832b-3cf6d47eba8b,fe6b1e37-c450-46e1-973c-7849f6834942,ab756aae-c0b0-4a4d-b4ab-1776a67d53a4,2025-10-04
d4088450-6e80-459c-8816-f0c76651a994,a8d224e3-9b54-40f2-b88d-a6ef89a588b6,78408550-d7e9-4cf3-b36d-4c78c5948cd4,2025-10-05
5ffd536e-fa4d-4d51-bcaa-c68f434fd7de,639c9a90-e5e5-492b-bf1f-27b69a17ff57,2a95ae73-6b19-44e6-ba5a-cf52cfd1d68a,2025-10-04
e68bfea0-1fb5-4eef-afb2-3d575d939f26,639c9a90-e5e5-492b-bf1f-27b69a17ff57,49185c46-3387-4d1c-b140-beba61e24a7d,2025-10-05
9601e305-8d34-49ca-8715-46f620013206,250728ca-1d03-4abd-8bb5-8fb82210a8ee,53bae178-6812-4630-b180-7e4b514184df,2025-10-04
9da97cd9-6933-4ac7-870c-b75bce5285e3,caed2730-ff8e-4368-b604-e37a0a424f1c,36a0e959-621f-487c-bbcc-f22fcd5293ff,2025-10-05
ab843b3c-7bce-4125-927b-cf4058b168d5,faab6791-a37b-45d8-8493-e0bb03ceb931,ca1ebdf7-b53b-4b71-b3d0-eb80214c5ef8,2025-10-05
34004a3b-d6f5-4a5a-a7fd-473b5e3ad71d,250728ca-1d03-4abd-8bb5-8fb82210a8ee,64089448-1023-48e0-a8c6-a0e9c78b1516,2025-10-05
a964abf9-c262-4509-a223-338276e80dfe,4eaea3da-89c1-4c88-a272-dcd815b6c19d,49185c46-3387-4d1c-b140-beba61e24a7d,2025-10-05
07a39876-6361-4885-9e8e-f4a11f816447,d170355f-55d2-4246-8deb-6438477aee47,a449036b-84ed-46bc-a9f6-6953803d158a,2025-10-04
bafe7d1f-e102-4c1f-96cc-890118949866,387a1aec-ec56-4fc0-9b33-13ad2c8cc5fb,08aa270e-1a78-4ea2-a55b-cc6f9782ad1c,2025-10-04
5b8f5f60-2b99-443e-870a-fe7fe3d69867,4eeaba2d-b113-4a2f-9726-c39fa23f508f,96bdb72c-1ee4-4e50-949c-be8b94218add,2025-10-05
7cff96da-2b2e-4f6f-91dd-1e190298946b,6ed787d8-3fa2-4335-8434-70643c94494c,cff376e0-f1c6-4a84-a987-aeed5b72689c,2025-10-05
078df543-9fa7-4c0f-adbf-cb897eeb1ec2,faab6791-a37b-45d8-8493-e0bb03ceb931,f5bcce6e-3aaa-4664-8542-ce3fab99b896,2025-10-04
4e9cde47-062d-4c28-9d7c-ecb3d20aab99,fd3cb093-c40a-4610-aadd-bca07500104f,7174d6c4-4b07-4468-b773-230470741c73,2025-10-04
486dab0e-f6a4-4f62-a3a2-2d9a89cba8bf,7b144b08-3dc9-4038-9822-712c030a6305,f1656ab3-1bc6-4835-b616-fee04372635d,2025-10-05
e01f2f4f-d10b-493f-abbe-e5002074efed,a8d224e3-9b54-40f2-b88d-a6ef89a588b6,84633670-2aca-49d5-9258-9c910b1c8a69,2025-10-04
79c3c8d2-3ce1-45fc-b616-de8c40efaffd,86ca3d59-5b6e-4752-af3f-2bc84147008e,aa4ec40c-5f68-4e35-8cf1-3a112fc42f76,2025-10-05
d6e62794-ecb3-4dc3-8a75-fba26b87ef7d,28ed88f0-7e49-4962-90c9-3d2f64a88a60,aa4ec40c-5f68-4e35-8cf1-3a112fc42f76,2025-10-04
8191fd3c-94ca-4412-aa32-a385043905c1,b0cfaef5-5b10-4fcd-b902-be3e52aa124c,3714dc0c-45b0-43af-b721-4377d11229c4,2025-10-05
def609a9-0255-4738-bb2a-1d2e118b0c1f,7bdc651f-4259-4a04-a5ee-23af0afadc4b,629f605c-7345-479e-be07-89f7e023b082,2025-10-05
b832b423-5f2f-4aa6-95cc-0e0886a8a3b9,b60a3666-0256-41bf-9cd6-33e6f86d5d90,2da8892c-5792-4227-927e-6c0aaaaca645,2025-10-04
5f02078d-60ca-4a24-ac37-dd0a88e7952b,48415c6d-0326-4cc3-a3db-dc35a5c1207c,629f605c-7345-479e-be07-89f7e023b082,2025-10-04
555213d1-060b-49f6-b565-a1cd158e8796,a64793b9-cff6-42cc-933a-cd18a6cc3629,78408550-d7e9-4cf3-b36d-4c78c5948cd4,2025-10-04
a2d7d4d2-5d92-4ab5-a06a-11a32dd22c50,aa7aad70-2c4d-47d9-8d3b-fe5544bff744,cff376e0-f1c6-4a84-a987-aeed5b72689c,2025-10-05
0d553f44-25f6-453f-8d96-4bb1da59a0ca,aca2b08d-2bb8-49b7-8270-0d8a148c472c,44489c31-e844-4879-9fdd-ecbde381be53,2025-10-05
561f62bd-2f05-4ab8-8c5e-09507035c5ee,0808dd49-953b-48ba-9cf6-190fb3e572e4,36a0e959-621f-487c-bbcc-f22fcd5293ff,2025-10-04
45c7aac9-6cb1-44a6-8423-8b74d9bcaf2f,7bdc651f-4259-4a04-a5ee-23af0afadc4b,6290b218-8326-48c6-a059-e9ca4d2d0604,2025-10-05
1a1285a0-804f-440d-b659-0d8bdbab7e02,cccde60c-0811-4888-a87a-9a4e22a6eaad,7174d6c4-4b07-4468-b773-230470741c73,2025-10-04
1128b900-bc36-4f9f-9793-8cea1723df47,00d4bac8-9a8c-453e-aef1-ba1c201320ae,f5bcce6e-3aaa-4664-8542-ce3fab99b896,2025-10-05
cbe80362-9fda-4fef-ac9e-ad99e63b3c18,0793f743-ffd8-453f-b53d-5ec0f7ab0a83,2da8892c-5792-4227-927e-6c0aaaaca645,2025-10-05
45a728d3-f57b-4191-875c-24497cc780b8,f1556049-f6f7-4365-94c5-fe887827c3f1,36a0e959-621f-487c-bbcc-f22fcd5293ff,2025-10-04
828efae6-d51a-4907-b4ec-1ac3573dd7e9,87c02581-5dbc-48b1-93fe-4e3f0c8831f1,aa4ec40c-5f68-4e35-8cf1-3a112fc42f76,2025-10-04
9a530308-8074-4aa9-a807-4eee74c26e50,25ff710f-da2e-4520-8dc0-de9c9148f874,9624f2ed-8235-461f-a37c-051d7e33d0d8,2025-10-04
9e69c61c-3aa1-4aa2-adc1-234e71ab3bda,7da58fd0-31e7-4eb4-b4f6-13e91c0ea46d,dbdbc2ef-cb6b-4a9d-bd95-1979539a3b3c,2025-10-04
bb091f98-04b1-47d0-977e-63733e7e10f9,aed89355-899c-46f0-adc7-b2b92158a0eb,9858b00b-638a-4d56-8c42-77fdcacc1c1c,2025-10-05
c7c6b167-eb7b-4f25-886e-c41d6e6cdee0,1769d6ef-a50f-417f-b76e-0ba194f9334b,54047ab3-0885-4ce7-b5c1-a498740e5560,2025-10-05
cfe230a0-1ae0-48be-98e3-74ee0d60d75a,6a242240-0a7b-4dc9-bd1d-52587d677a28,9adf6b3f-2475-40d0-8b86-0f6163532cdc,2025-10-05
a91fbdbd-ed09-4ef5-9bbb-c0f579b1d2bc,6b354506-3bed-49f5-9825-31e685541d6f,36a0e959-621f-487c-bbcc-f22fcd5293ff,2025-10-05
8e3a9c57-4357-4925-88fc-6ece474759d3,aac2c41a-2408-44b9-9617-140f86e3d4ec,75f341a1-73c5-47fa-b55e-5b02f75071f4,2025-10-04
7cddc172-c7ec-4806-9231-0e8f30b9435d,48890708-90d3-4e4e-b6c7-18a2cc317ae3,9751a3fc-33fb-4404-884f-95198ae5c3ed,2025-10-05
6a4c7ae0-30ab-411d-97f9-3ff3fd023a4e,091590be-5b0d-4edf-b863-c0c1bf9a1afb,cc1b8529-d90d-4c4a-94e3-6c38a3926345,2025-10-04
f7ff5417-05c0-46bd-8f91-64f888ad864e,f9397031-4637-4258-a31a-6b56e230ca79,7174d6c4-4b07-4468-b773-230470741c73,2025-10-04
6b8d9bd3-9d52-4497-90a5-887f13d14b91,0808dd49-953b-48ba-9cf6-190fb3e572e4,48f2b407-6013-45a7-b7c3-3082c6d0b006,2025-10-05
c467d891-d20e-4e01-89a1-a40521f72dd5,727aa402-e84c-473e-b395-f84cbaf0f88f,c4356445-4a39-4f94-a53d-bf985738ac4c,2025-10-05
5645fdcb-b376-461a-bc09-018f28894915,7a8ac316-a3a6-46fe-8948-24151886401f,69ed10b8-f031-49f2-bea7-d96c4f9cb686,2025-10-05
acddbae3-16e0-4e81-a317-7c4c98d49030,4eaea3da-89c1-4c88-a272-dcd815b6c19d,629f605c-7345-479e-be07-89f7e023b082,2025-10-04
6ae4ce68-33d5-41b6-9876-b1e11553eb68,fe6b1e37-c450-46e1-973c-7849f6834942,62449bfc-6870-4213-bbcf-638604c16bcc,2025-10-05
671c95a1-1714-46e9-ae22-bbfa70c5a7bb,f1556049-f6f7-4365-94c5-fe887827c3f1,7ea6ee57-f281-4386-a987-63d4634bcf34,2025-10-04
d6cba9bb-25c6-4d40-b82f-eec4dfa63a24,cacd3a10-adfd-4c8d-88b1-5de389962517,98291b87-41c4-4858-9506-8186e898c0a9,2025-10-04
e2e334d1-37fc-4197-9a51-00a6e2c7e89f,7e3d83a0-1535-433b-90e6-bf6f8c1fb04c,2a95ae73-6b19-44e6-ba5a-cf52cfd1d68a,2025-10-05
04931652-481d-4dee-b9cb-219d6018f7be,f9397031-4637-4258-a31a-6b56e230ca79,a6cc7ee9-2ff9-490a-829b-242ebfad8931,2025-10-04
18d71bea-8b31-42df-8a56-2e1a42d69bf2,916e6aaa-dd38-47df-badc-8b02478f4728,96bdb72c-1ee4-4e50-949c-be8b94218add,2025-10-04
7df7ca6b-4583-483d-9ed8-b97c1398a9f6,7e3d83a0-1535-433b-90e6-bf6f8c1fb04c,48f2b407-6013-45a7-b7c3-3082c6d0b006,2025-10-04
db9ca245-f036-4858-a496-c027a91edde4,916e6aaa-dd38-47df-badc-8b02478f4728,b4b69a72-e668-4bf4-8528-b908840f8014,2025-10-04
5b49d148-1caf-4d65-87da-97f6ea94f806,8c65440d-2256-49dc-a6db-8664a506b3d1,081422c3-81c7-4703-b893-cdca3b76aacd,2025-10-04
11867c45-6974-413d-9040-ce9a9bfa9281,b5547f87-a323-47ee-8682-1769fdb9fc61,7c3a0a57-6773-4d1f-9ecb-5089f7581b97,2025-10-04
a0993e95-dcb9-4da3-9b04-bb31c391a7f9,cc30ae17-6eaa-425f-9f9f-ab43c262f19c,9624f2ed-8235-461f-a37c-051d7e33d0d8,2025-10-05
12474943-c337-426e-8e1d-0451a7a3fe19,483313c9-ead9-4572-891f-fb999820c6b1,6c03136c-b6c4-418b-a00b-e195b2756dfb,2025-10-05
a550a1be-cad3-4808-aa9a-8f80ece05495,7e3d83a0-1535-433b-90e6-bf6f8c1fb04c,aa4ec40c-5f68-4e35-8cf1-3a112fc42f76,2025-10-05
923d6d8e-0d3e-41a2-b16b-6580c0d4a9e9,727aa402-e84c-473e-b395-f84cbaf0f88f,96bdb72c-1ee4-4e50-949c-be8b94218add,2025-10-04
b6f00b1d-bfa8-4cf0-ac28-7e553731ab88,7bdc651f-4259-4a04-a5ee-23af0afadc4b,cc1b8529-d90d-4c4a-94e3-6c38a3926345,2025-10-04
c1aba045-b35d-491a-b791-5e00ccd57fc9,f477c5a3-6a58-4303-a3db-bd18a78960f0,23ca0089-1ec1-4fdc-a5c9-b730efb0740e,2025-10-04
e0377858-9c25-4760-b7e9-ee24b78ef1d0,639c9a90-e5e5-492b-bf1f-27b69a17ff57,30b50d93-6206-42f5-94fb-175ae01749da,2025-10-04
866148a1-cb31-4f68-a9a5-0fb10e186d50,72b0367c-5de9-4b54-a706-83ea8cc2bc61,7c3a0a57-6773-4d1f-9ecb-5089f7581b97,2025-10-04
86159fb1-748e-41d5-bfca-4f81bb7bae87,0abed7a3-7d53-4568-8248-44b6b7083a45,a05e05b2-ebf8-46a9-8665-6b1eb4fbaf92,2025-10-04
a6df6178-78e3-46f6-b633-a1ed5e26db7c,0abed7a3-7d53-4568-8248-44b6b7083a45,5c6a208b-5ccf-40c9-bb5d-aa65f9b7b13c,2025-10-04
d7c43384-980c-4f91-8b96-667c5fd33ebe,aa7aad70-2c4d-47d9-8d3b-fe5544bff744,c4a90b64-c727-44aa-966b-35d7a9d08ce7,2025-10-04
062dbb8c-b25b-440f-9d26-57569d9c1e58,23bb3f27-a342-4a6d-b081-ecda8c162eac,5d6b8eac-fe37-40c9-83f9-f8468cb8052b,2025-10-05
24647be7-350b-4b2a-bb5f-c6150c6d5adf,1af973dd-e5e0-4735-a5f3-c8fe1b0a8a57,8c5b62d3-682e-4c8f-8b26-5da28bbfd0bd,2025-10-04
f410a478-a963-4297-8728-d16e4df46ebe,1769d6ef-a50f-417f-b76e-0ba194f9334b,96bdb72c-1ee4-4e50-949c-be8b94218add,2025-10-05
bbccb113-5da1-4d81-a0ec-98a8d24bdd8b,6ed787d8-3fa2-4335-8434-70643c94494c,1e90a8bc-6907-4288-8b0d-d35650a0aca4,2025-10-05
20fcc7ad-6a69-4613-a0d3-e837bc6f2ce0,0abed7a3-7d53-4568-8248-44b6b7083a45,7995696d-7e15-43f6-8320-0ab1c61e866e,2025-10-05
c151d7d2-97ff-4074-a77a-3f8241401e28,a64793b9-cff6-42cc-933a-cd18a6cc3629,4ebe259f-2511-4d15-b54c-417c294f9164,2025-10-05
cf42d1df-7468-4911-a1cb-4a9879bc319b,aed89355-899c-46f0-adc7-b2b92158a0eb,98291b87-41c4-4858-9506-8186e898c0a9,2025-10-05
fb7e06bf-c9bb-48a1-a62c-44375acf4f11,f06207d1-a62d-40b9-af7d-c10c3eb9a443,5a8223f9-e75a-48b3-ac47-a981a9b66a18,2025-10-05
23289922-5362-4687-98da-ff6b7dd08896,48415c6d-0326-4cc3-a3db-dc35a5c1207c,335bbf7c-fea1-48da-8c00-1796bf0acacd,2025-10-04
6c742b49-06b1-49c7-b155-75f889a88f52,7a8ac316-a3a6-46fe-8948-24151886401f,b4b69a72-e668-4bf4-8528-b908840f8014,2025-10-05
2fb7dd0a-b618-4e32-b7b9-527e7f246dc6,b2f80605-45af-4808-8bb3-08b7e0514a66,fdb812c5-14e2-48fc-a2ff-2868866a4332,2025-10-04
722dd670-67a3-460f-b5d1-a6737fb06bf8,cc30ae17-6eaa-425f-9f9f-ab43c262f19c,a9c24d3c-d22b-43c2-875d-265385128079,2025-10-04
9e328541-55c7-47c2-9164-51ab8d1f16bd,06665096-443a-41e6-baf6-49f252c4b526,5c6a208b-5ccf-40c9-bb5d-aa65f9b7b13c,2025-10-05
2901ef0f-b3ff-4eae-a6c5-79efb0d6a531,45e5fe5e-bcbe-419e-8e39-b6646ab64bdf,5d6b8eac-fe37-40c9-83f9-f8468cb8052b,2025-10-04
350b7b9a-fd38-4fa5-adc9-81aede58e4dd,aed89355-899c-46f0-adc7-b2b92158a0eb,6c03136c-b6c4-418b-a00b-e195b2756dfb,2025-10-05
7bb4e8a6-3013-4089-997e-bd8b5e9c6884,4f3da0df-9862-49cd-b256-d7bf411882c6,84894cea-8dff-4151-b8fc-0cff236735da,2025-10-04
cb241a45-2aed-4374-9a6d-c91daea35602,032f4150-ebcd-400d-82c2-8f97c9bbbc0e,b361bdaf-2411-463d-960a-222d684df799,2025-10-05
e5699e5b-20ef-46cd-9fe3-95216895f2a9,7e3d83a0-1535-433b-90e6-bf6f8c1fb04c,4ebe259f-2511-4d15-b54c-417c294f9164,2025-10-04
46ea404e-5ac7-4a4e-b8d4-ac88d957d1af,00d4bac8-9a8c-453e-aef1-ba1c201320ae,f1656ab3-1bc6-4835-b616-fee04372635d,2025-10-04
0afa9198-366f-4c7b-8609-73cb55a900a4,8c65440d-2256-49dc-a6db-8664a506b3d1,69ed10b8-f031-49f2-bea7-d96c4f9cb686,2025-10-04
3fa821fc-ea84-4285-a96d-5fb0d10a80a1,7a3feca8-72b3-40a2-8501-1d76f488d5e7,73f2a39d-b281-4a13-99df-96331757d6d1,2025-10-05
352f87e0-6e72-4074-8077-6ffc983d50a0,35df9f07-7ae0-4e70-abc6-e046f442e11c,c66dd421-d22c-411c-ba10-b2706a270408,2025-10-05
9b3e356a-85ea-4747-b847-5d509f4b73cc,a92b2eb3-f361-4b80-900a-f6ded6dcb40d,e5ef676a-d568-49c1-81e9-93303950984c,2025-10-05
9697f79d-9f90-42ee-b8d1-3e6fb373baa8,96eb8b4d-08da-4fdd-8301-3a293ee4dd1f,081422c3-81c7-4703-b893-cdca3b76aacd,2025-10-04
fdbcf1b9-17b8-4d8f-9f3a-7721d3325436,00a0ccdf-5402-4a02-99c9-b0a12a0d5e65,49185c46-3387-4d1c-b140-beba61e24a7d,2025-10-05
25d01cd1-73ba-4866-8348-c239b0ace289,5dff8c85-867a-4395-a4c9-5df208f7c7a8,7174d6c4-4b07-4468-b773-230470741c73,2025-10-04
f470f8cc-b3ad-4057-a2f5-cfca2b047b9e,b4caef0a-914f-4bb0-a679-07f2ca0c9540,8acc6eb5-08f4-465e-844f-74e29f9bc851,2025-10-04
45e50bd1-e360-4647-9b91-03fd191cbcfb,b3bc5d52-8c23-44c2-8b63-fd9937f096b6,f5bcce6e-3aaa-4664-8542-ce3fab99b896,2025-10-05
21ce562c-5542-4c57-b4b6-c75f507059cd,0abed7a3-7d53-4568-8248-44b6b7083a45,98291b87-41c4-4858-9506-8186e898c0a9,2025-10-04
34b976c9-0600-4d27-801c-d8a15bd4368f,57cc19f7-a43a-48ac-ab6d-5bcd4329070d,6f8553c1-58b3-4000-9371-87faf11316b3,2025-10-04
92cffbe6-6a2b-459a-9451-6159cd24c876,aa6f3e49-4ec4-45b1-9595-cb371ca7df40,c438a90a-1ece-4d2f-8442-19b948f304c5,2025-10-04
7eabf2c7-9eed-4724-ad71-527589631656,091590be-5b0d-4edf-b863-c0c1bf9a1afb,3714dc0c-45b0-43af-b721-4377d11229c4,2025-10-05
edfd0a80-3547-4758-b20a-22d42f992b9f,0abed7a3-7d53-4568-8248-44b6b7083a45,214b30c5-99ad-4290-9c2a-b5ab4a4d9195,2025-10-05
41840ee6-1b14-48cd-8e03-cd07588eed02,f9397031-4637-4258-a31a-6b56e230ca79,98291b87-41c4-4858-9506-8186e898c0a9,2025-10-05
6e98bc0a-8956-4e87-b972-f04374197dca,6ed787d8-3fa2-4335-8434-70643c94494c,9624f2ed-8235-461f-a37c-051d7e33d0d8,2025-10-04
3cba204e-33e4-4b7f-a5ed-79262e52c32a,14b013b9-0513-4656-9a96-b1b7b50cbca6,738ab84d-417d-40e3-9685-69b5e54a331c,2025-10-05
ca15da65-e35e-4c94-8267-3f3c50f3c4af,960a5ed7-70ac-417f-a263-d9ab19272c2d,a05e05b2-ebf8-46a9-8665-6b1eb4fbaf92,2025-10-05
0e919ae0-4c95-4329-a591-1c3b306250b6,7a3feca8-72b3-40a2-8501-1d76f488d5e7,8c5b62d3-682e-4c8f-8b26-5da28bbfd0bd,2025-10-05
a07a7ec2-f3fb-470e-a178-af6f73631709,727aa402-e84c-473e-b395-f84cbaf0f88f,23ca0089-1ec1-4fdc-a5c9-b730efb0740e,2025-10-05
ceca7ece-f7e1-47d2-82c9-a1d47d66fb9c,f477c5a3-6a58-4303-a3db-bd18a78960f0,0bee37c7-0d0f-4ac4-85ac-9dd17756d0b7,2025-10-05
46476481-8069-40a2-873e-6c8654d49095,6bb16d8d-c243-41e7-830c-b6d4d3c83522,8acc6eb5-08f4-465e-844f-74e29f9bc851,2025-10-05
5d0fe2c8-dfc4-42c7-b73f-ebf316b5372c,35df9f07-7ae0-4e70-abc6-e046f442e11c,559c3f07-f7b6-40da-a076-28297513d0ff,2025-10-05
2c66a098-38b8-43c8-813b-1bb3ba62637e,cc30ae17-6eaa-425f-9f9f-ab43c262f19c,aa6f89f1-836f-445f-8250-b5711f61a6f7,2025-10-04
a8793d7a-7edb-44c3-8cbe-00c308d9c990,4eeaba2d-b113-4a2f-9726-c39fa23f508f,6ccee7e4-5dad-40c7-95ac-daef5ce885e2,2025-10-05
1b4b0750-319f-446c-b884-210382ea4c98,86ca3d59-5b6e-4752-af3f-2bc84147008e,c4356445-4a39-4f94-a53d-bf985738ac4c,2025-10-04
d0a18387-0eb2-41aa-9f88-6dc37a6ae1ff,727aa402-e84c-473e-b395-f84cbaf0f88f,c438a90a-1ece-4d2f-8442-19b948f304c5,2025-10-04
e950bada-7208-4b46-ac8c-111466fe63b6,7355254e-ffff-4403-8090-ca0f93052f45,7ea6ee57-f281-4386-a987-63d4634bcf34,2025-10-04
72411a7e-29ca-4385-a349-a40233d7be82,48890708-90d3-4e4e-b6c7-18a2cc317ae3,b361bdaf-2411-463d-960a-222d684df799,2025-10-05
58ff0075-973b-4c04-ba7f-c2e93b3be5f8,6ed787d8-3fa2-4335-8434-70643c94494c,0fc3a424-4864-4ad9-9041-adb56314f654,2025-10-04
51d8d60c-56db-46c7-80f3-b5cc20acfdc7,b4b2fb57-609a-4f2c-8976-d10a96339c04,f6ec2647-0e8e-46c0-8e83-168c2148e8a5,2025-10-05
3666288a-8a41-4bf8-91f8-1d14f2b873e0,7bdc651f-4259-4a04-a5ee-23af0afadc4b,23ca0089-1ec1-4fdc-a5c9-b730efb0740e,2025-10-04
d4c868f7-a92c-4f70-b3f1-ee177c86c783,48e96ae9-dccc-4cb9-bb0e-eccfe9ad2c20,7ea6ee57-f281-4386-a987-63d4634bcf34,2025-10-04
d9705247-f63a-4343-9dcb-f07d4e6486f7,fd3cb093-c40a-4610-aadd-bca07500104f,08aa270e-1a78-4ea2-a55b-cc6f9782ad1c,2025-10-04
3fee707c-4c7b-4503-b851-db01e1a94f3a,0f63061c-adcf-4f01-87bf-2c8e81a85707,08aa270e-1a78-4ea2-a55b-cc6f9782ad1c,2025-10-05
8f777b09-f168-4989-a703-3700d9bb3597,b4caef0a-914f-4bb0-a679-07f2ca0c9540,44489c31-e844-4879-9fdd-ecbde381be53,2025-10-05
bb7c1866-aa71-4f09-9189-3fe28f512217,faab6791-a37b-45d8-8493-e0bb03ceb931,9624f2ed-8235-461f-a37c-051d7e33d0d8,2025-10-05
61ae2d63-d436-4263-b0b6-7788419ccd2b,7bdc651f-4259-4a04-a5ee-23af0afadc4b,48f2b407-6013-45a7-b7c3-3082c6d0b006,2025-10-05
371a9352-baad-4f75-9d35-9d73eb734b3e,686030ce-ac94-4d80-8483-3177deeb8b1f,b361bdaf-2411-463d-960a-222d684df799,2025-10-04
4001ce1a-a2e9-4b1d-8da4-aa0ebae92833,727aa402-e84c-473e-b395-f84cbaf0f88f,a449036b-84ed-46bc-a9f6-6953803d158a,2025-10-05
096abf24-e7ac-4f66-ac0f-b2350d45dde2,aac2c41a-2408-44b9-9617-140f86e3d4ec,6ccee7e4-5dad-40c7-95ac-daef5ce885e2,2025-10-05
84b57c2a-838d-4dd7-9a39-173c99dacf77,686030ce-ac94-4d80-8483-3177deeb8b1f,1e90a8bc-6907-4288-8b0d-d35650a0aca4,2025-10-05
9f1a193a-8ec1-40e0-bad9-45e0a83a4da2,e7eade17-ddde-4f41-a74d-28f1011e2cd7,23ca0089-1ec1-4fdc-a5c9-b730efb0740e,2025-10-04
57d7987a-de1b-40f4-9aea-a1f7a01d839e,00a0ccdf-5402-4a02-99c9-b0a12a0d5e65,9adf6b3f-2475-40d0-8b86-0f6163532cdc,2025-10-04
e2574891-65fb-4c56-8e7d-6284b73cc227,a64793b9-cff6-42cc-933a-cd18a6cc3629,44489c31-e844-4879-9fdd-ecbde381be53,2025-10-04
30bee22e-0159-40e3-a75c-396ccf00c959,d462581f-d396-40a0-8447-e8059e9f71bf,f6ec2647-0e8e-46c0-8e83-168c2148e8a5,2025-10-04
68ca2c97-41a4-43bf-b550-616bcdb79135,2e0e9bed-920f-4be5-bde9-fc978c967f95,763c70e7-507f-4f9e-9922-72c9f3e2476d,2025-10-05
f98abe91-3ce1-4d2c-a0ed-c97664376603,caed2730-ff8e-4368-b604-e37a0a424f1c,e832a042-adfb-4068-bc17-372c2898e275,2025-10-05
007b4eb3-287b-4838-89bd-ebc8da19c3f1,091590be-5b0d-4edf-b863-c0c1bf9a1afb,e6f3afa4-05c0-4945-abee-417e3ee43332,2025-10-05
b3dd87e1-8c01-47a9-a13b-52fe9da46e70,c740b9c3-38dc-4748-b55f-a1d1c946b155,48f2b407-6013-45a7-b7c3-3082c6d0b006,2025-10-04
6c574220-c187-4706-b790-6e5e23414299,a8d224e3-9b54-40f2-b88d-a6ef89a588b6,a6cc7ee9-2ff9-490a-829b-242ebfad8931,2025-10-04
d7cf23d0-1147-439a-9194-0a8d910ea7db,d462581f-d396-40a0-8447-e8059e9f71bf,23ca0089-1ec1-4fdc-a5c9-b730efb0740e,2025-10-05
4d595216-1c5e-4734-a5a3-c73ba41e2800,f2ba446f-942d-4572-86a7-deb96603e538,98291b87-41c4-4858-9506-8186e898c0a9,2025-10-05
3a20513d-2d28-423b-9e09-9daff70657ca,6a242240-0a7b-4dc9-bd1d-52587d677a28,54047ab3-0885-4ce7-b5c1-a498740e5560,2025-10-04
74b13fb1-ef04-42ee-acba-530c47f5b9b3,aac2c41a-2408-44b9-9617-140f86e3d4ec,64089448-1023-48e0-a8c6-a0e9c78b1516,2025-10-04
5af46705-8392-45da-a38d-8892ffe6925f,aa6f3e49-4ec4-45b1-9595-cb371ca7df40,a449036b-84ed-46bc-a9f6-6953803d158a,2025-10-04
5049088d-ed47-40cd-85f2-315b7098a898,7bdc651f-4259-4a04-a5ee-23af0afadc4b,7ea6ee57-f281-4386-a987-63d4634bcf34,2025-10-05
d1ebb5b7-890f-45d9-a5f7-00991b8a1092,7da58fd0-31e7-4eb4-b4f6-13e91c0ea46d,7ea6ee57-f281-4386-a987-63d4634bcf34,2025-10-04
81575c87-ec08-41c8-ba48-e864b3bb584d,686030ce-ac94-4d80-8483-3177deeb8b1f,629f605c-7345-479e-be07-89f7e023b082,2025-10-05
d57b28db-ae13-4953-b67e-bcd12185321c,f9397031-4637-4258-a31a-6b56e230ca79,36a0e959-621f-487c-bbcc-f22fcd5293ff,2025-10-05
f0684983-f63a-4046-ad0d-bf3c504092eb,20d9d3cd-2d25-4d0e-8297-cda2f93d9de6,0ac50b23-c5e4-45c8-8300-9af01d835805,2025-10-05
1606abda-8d90-4f3b-8dbc-e8fd0da91b12,4eaea3da-89c1-4c88-a272-dcd815b6c19d,763c70e7-507f-4f9e-9922-72c9f3e2476d,2025-10-05
fec8efc3-373e-413c-b659-02729f80be7c,9e587f4f-beee-493c-99c6-e085e7683ca7,79ca128e-0127-4362-ad07-cc2af36394b4,2025-10-05
cca0bc18-96a4-45da-ae5f-aafeb71404e7,6ed787d8-3fa2-4335-8434-70643c94494c,629f605c-7345-479e-be07-89f7e023b082,2025-10-05
d44b5624-4d50-49e0-b5f6-290479116e2f,de893412-4fb0-48dc-8bda-eb8bf63e2af2,0bee37c7-0d0f-4ac4-85ac-9dd17756d0b7,2025-10-05
e5ae897f-1759-474a-b056-6000cc16c5e8,f57bb1e3-f01b-458b-8515-7958ff5deb03,b4b69a72-e668-4bf4-8528-b908840f8014,2025-10-04
b704c10c-8f2e-46c8-b4fd-1bd6ba352a69,f7d91879-e540-47d3-87fa-a90619d21644,8acc6eb5-08f4-465e-844f-74e29f9bc851,2025-10-05
422e0f30-acb6-4812-ac2a-695ad258255e,6bb16d8d-c243-41e7-830c-b6d4d3c83522,aa4ec40c-5f68-4e35-8cf1-3a112fc42f76,2025-10-04
d7c1ea78-56a6-401f-b6b6-57605b0443d0,faab6791-a37b-45d8-8493-e0bb03ceb931,c4a90b64-c727-44aa-966b-35d7a9d08ce7,2025-10-04
03d0d755-018f-438c-b329-f200d6eb533e,7a8ac316-a3a6-46fe-8948-24151886401f,a449036b-84ed-46bc-a9f6-6953803d158a,2025-10-04
d2baf73e-4af7-48e0-b433-d481ca7b3ab7,aa7aad70-2c4d-47d9-8d3b-fe5544bff744,b92fb64a-d0a0-42f4-9c03-11126a652447,2025-10-05
f12e6e2a-04c0-40f5-8846-a8a5dd552b90,f1556049-f6f7-4365-94c5-fe887827c3f1,e832a042-adfb-4068-bc17-372c2898e275,2025-10-04
8f3c879b-7cb7-4afb-9af7-e97853a60ba0,4f3da0df-9862-49cd-b256-d7bf411882c6,c438a90a-1ece-4d2f-8442-19b948f304c5,2025-10-04
63b34891-355f-46c0-9fd1-0cb50ea2f102,6a242240-0a7b-4dc9-bd1d-52587d677a28,9b79c73e-1467-46b6-8f24-03724e5f7153,2025-10-05
031287f6-b98b-438f-9e26-8b658dc258eb,14b013b9-0513-4656-9a96-b1b7b50cbca6,aa4ec40c-5f68-4e35-8cf1-3a112fc42f76,2025-10-04
98364af9-833a-4c39-a84f-aa089cdd4c5b,b60a3666-0256-41bf-9cd6-33e6f86d5d90,6ccee7e4-5dad-40c7-95ac-daef5ce885e2,2025-10-05
f1bb32e3-2bdd-40f0-b19f-6d7de29d0f56,ed2c39c6-66e6-4dfb-9d9d-d125c2cbc4c5,a34bf1c2-10d8-4c70-bebd-67eaab8fa6a0,2025-10-04
288874fa-b7f1-45fa-851d-2f872007fb9c,f477c5a3-6a58-4303-a3db-bd18a78960f0,c4a90b64-c727-44aa-966b-35d7a9d08ce7,2025-10-04
b37ee10a-3623-4c62-97a7-b25ba61ac07e,250728ca-1d03-4abd-8bb5-8fb82210a8ee,9751a3fc-33fb-4404-884f-95198ae5c3ed,2025-10-04
a9beb50f-e4a4-4368-9cd0-65d3b4274a3d,72b0367c-5de9-4b54-a706-83ea8cc2bc61,2a95ae73-6b19-44e6-ba5a-cf52cfd1d68a,2025-10-04
8625f103-3b6b-415e-af2a-184cf49fb7cd,b4b2fb57-609a-4f2c-8976-d10a96339c04,738ab84d-417d-40e3-9685-69b5e54a331c,2025-10-04
085c3a30-33f8-415c-b322-e07ed72c0d5c,32aa4b26-5b83-414a-8a6c-c8a60e296c8f,8c5b62d3-682e-4c8f-8b26-5da28bbfd0bd,2025-10-05
7de65eb3-4ec1-43a3-ac21-f843617fcc60,916e6aaa-dd38-47df-badc-8b02478f4728,dbdbc2ef-cb6b-4a9d-bd95-1979539a3b3c,2025-10-05
f1f6952c-62b4-4529-a52b-5fbcdb891148,a64793b9-cff6-42cc-933a-cd18a6cc3629,84633670-2aca-49d5-9258-9c910b1c8a69,2025-10-05
e4e0cd09-81f3-4b27-a68d-1d7e2204b4ce,6a242240-0a7b-4dc9-bd1d-52587d677a28,b92fb64a-d0a0-42f4-9c03-11126a652447,2025-10-05
19b7f8a6-5263-4203-aa49-722d73b2453c,f9397031-4637-4258-a31a-6b56e230ca79,08aa270e-1a78-4ea2-a55b-cc6f9782ad1c,2025-10-04
f63c2e49-6e79-4273-bbf5-a2942c539890,5dff8c85-867a-4395-a4c9-5df208f7c7a8,9adf6b3f-2475-40d0-8b86-0f6163532cdc,2025-10-04
ae8474a4-fbc3-461a-b6f7-b2162a7e5ff4,f06207d1-a62d-40b9-af7d-c10c3eb9a443,c4a90b64-c727-44aa-966b-35d7a9d08ce7,2025-10-05
3bdb1f70-c5ac-49c3-a109-9265e00c1cee,aca2b08d-2bb8-49b7-8270-0d8a148c472c,56dca0a0-9dfb-4f92-a8ec-e590b713eee4,2025-10-05
e2e191b9-28e4-49e2-9f88-5b7bad275d78,b0a37b6b-3f33-4ba8-aec6-9c16799ec147,1c86e9e8-5a99-42db-adb5-5f4576c8857f,2025-10-04
2370d1ba-a2f8-4b42-ad11-6c97a3a1d9c4,250728ca-1d03-4abd-8bb5-8fb82210a8ee,5c6a208b-5ccf-40c9-bb5d-aa65f9b7b13c,2025-10-05
b29449c3-fbbf-4f2c-89b6-1fbec8c5e557,cc30ae17-6eaa-425f-9f9f-ab43c262f19c,b4b69a72-e668-4bf4-8528-b908840f8014,2025-10-05
9f3e6f46-02a3-41d8-ab9a-b5d12fbed70e,7a8ac316-a3a6-46fe-8948-24151886401f,7c3a0a57-6773-4d1f-9ecb-5089f7581b97,2025-10-05
50adf73d-8b93-400f-8d9b-dff16671e30d,48890708-90d3-4e4e-b6c7-18a2cc317ae3,7c3a0a57-6773-4d1f-9ecb-5089f7581b97,2025-10-04
8f68e7ca-4af5-40b4-84fb-eb834619a6b0,0f63061c-adcf-4f01-87bf-2c8e81a85707,2a95ae73-6b19-44e6-ba5a-cf52cfd1d68a,2025-10-04
4ac15aad-997f-454c-9573-44c09527f1ee,87c02581-5dbc-48b1-93fe-4e3f0c8831f1,7a29e039-5e09-4933-99e0-7463245eb346,2025-10-04
b7573f8c-d990-4c00-a60e-00e0fa63d7b6,aa7aad70-2c4d-47d9-8d3b-fe5544bff744,4ebe259f-2511-4d15-b54c-417c294f9164,2025-10-04
f6008514-676b-41a1-9bdc-5add42e9d85a,25ff710f-da2e-4520-8dc0-de9c9148f874,54047ab3-0885-4ce7-b5c1-a498740e5560,2025-10-04
24363e94-b238-406b-b81b-f6211b61618f,7355254e-ffff-4403-8090-ca0f93052f45,ab756aae-c0b0-4a4d-b4ab-1776a67d53a4,2025-10-04
ce4561ca-d96b-4720-a8a0-b78ff0997c3a,06665096-443a-41e6-baf6-49f252c4b526,8c5b62d3-682e-4c8f-8b26-5da28bbfd0bd,2025-10-04
3c0afbe1-702b-47f0-8035-0321ae63bd5c,b60a3666-0256-41bf-9cd6-33e6f86d5d90,30b50d93-6206-42f5-94fb-175ae01749da,2025-10-05
a6c13fd4-4c4e-44c8-8088-dc74233ff9b0,2e0e9bed-920f-4be5-bde9-fc978c967f95,1c86e9e8-5a99-42db-adb5-5f4576c8857f,2025-10-05
7f2a8ab7-2c30-4a46-89a4-a2f5f87514c6,b5547f87-a323-47ee-8682-1769fdb9fc61,96bdb72c-1ee4-4e50-949c-be8b94218add,2025-10-04
7da23716-b860-4de1-b5a1-00c47f4038e5,aca2b08d-2bb8-49b7-8270-0d8a148c472c,b361bdaf-2411-463d-960a-222d684df799,2025-10-05
0cefefdc-f707-4604-95e1-8afc2b43e207,d462581f-d396-40a0-8447-e8059e9f71bf,958d02f0-6e9d-461b-a744-f29fcf804799,2025-10-05
2d0adefe-305a-4d49-8a4b-3688baf55433,34d5fee9-cff8-4f5c-a12f-8acef7bb06aa,b26cb43b-5333-43aa-ad46-48c9888d5577,2025-10-04
60a8b08a-9953-4f75-a376-650012574542,7bdc651f-4259-4a04-a5ee-23af0afadc4b,75f341a1-73c5-47fa-b55e-5b02f75071f4,2025-10-05
b361dc6d-01d1-4c88-964e-00533446b774,51d4d5c3-7686-4bc6-9f4e-f279711998e9,49185c46-3387-4d1c-b140-beba61e24a7d,2025-10-04
34b80cbe-2d54-43b8-b0a9-0b85d86a22f7,28ed88f0-7e49-4962-90c9-3d2f64a88a60,aa6f89f1-836f-445f-8250-b5711f61a6f7,2025-10-05
401d1b4a-5433-47ca-930c-15b7ebb2ba35,8f0aaf8e-9974-42de-9418-484d73be5712,a9c24d3c-d22b-43c2-875d-265385128079,2025-10-05
f3aa9e00-6ecb-4dc5-92d5-b7be4f6add68,4f3da0df-9862-49cd-b256-d7bf411882c6,a9c24d3c-d22b-43c2-875d-265385128079,2025-10-04
ae102daf-7e80-409f-952f-058c444d7253,f7d91879-e540-47d3-87fa-a90619d21644,1c86e9e8-5a99-42db-adb5-5f4576c8857f,2025-10-05
69470aa8-aa70-4e35-9d78-f74e03a00557,f57bb1e3-f01b-458b-8515-7958ff5deb03,a34bf1c2-10d8-4c70-bebd-67eaab8fa6a0,2025-10-05
68a7153e-890b-41fa-8fb4-97153b256f94,1af973dd-e5e0-4735-a5f3-c8fe1b0a8a57,56dca0a0-9dfb-4f92-a8ec-e590b713eee4,2025-10-05
e861948b-f588-4a15-9b3a-48479564a780,916e6aaa-dd38-47df-badc-8b02478f4728,f1656ab3-1bc6-4835-b616-fee04372635d,2025-10-04
bd340d1b-9f37-430e-a7b3-ce3236cf1006,7bdc651f-4259-4a04-a5ee-23af0afadc4b,e6f3afa4-05c0-4945-abee-417e3ee43332,2025-10-05
8d8a8f02-93c9-435d-99d3-f31c3535b69f,14b013b9-0513-4656-9a96-b1b7b50cbca6,84894cea-8dff-4151-b8fc-0cff236735da,2025-10-04
66145b63-eaf3-4aad-aced-ab91f9274162,cacd3a10-adfd-4c8d-88b1-5de389962517,b729e05c-1a16-4a05-a211-7bfd8bfe9cde,2025-10-05
cdc0e3c3-e3c8-4176-8f59-e3b8fdb542bd,72b0367c-5de9-4b54-a706-83ea8cc2bc61,0fc3a424-4864-4ad9-9041-adb56314f654,2025-10-04
0de5a355-2ce2-4589-9599-4436dc697efd,387a1aec-ec56-4fc0-9b33-13ad2c8cc5fb,7f102457-d5d0-423b-88bd-0c7848a4b205,2025-10-04
0250407d-ec26-4b0e-a994-6d43e62b7530,48415c6d-0326-4cc3-a3db-dc35a5c1207c,2da8892c-5792-4227-927e-6c0aaaaca645,2025-10-04
17b1eb35-fcc0-4312-8870-874df4a20893,a8d224e3-9b54-40f2-b88d-a6ef89a588b6,e5ef676a-d568-49c1-81e9-93303950984c,2025-10-05
48d1cd00-3c90-42da-a8ed-80107359707c,bbd6f8b0-7583-4e05-8379-574f9cb0ee3d,ef79a665-4f0b-43a1-b043-9eca69fa60ca,2025-10-04
fbc8ffec-7d9d-46e8-aef2-340910f9eabe,9e587f4f-beee-493c-99c6-e085e7683ca7,e8e01db0-8065-4088-b532-3de5eae431b5,2025-10-04
4fb63614-fe9f-44e8-bffe-ceca6c9ae693,d3c0dfd4-2dc0-4526-b718-5129d55bf2fd,08aa270e-1a78-4ea2-a55b-cc6f9782ad1c,2025-10-05
3f0917ca-2048-4a35-8e9c-d05c8cca97b0,48e96ae9-dccc-4cb9-bb0e-eccfe9ad2c20,84633670-2aca-49d5-9258-9c910b1c8a69,2025-10-05
a7d462ea-42ce-48ee-97e0-6b54adf6bda9,fd3cb093-c40a-4610-aadd-bca07500104f,214b30c5-99ad-4290-9c2a-b5ab4a4d9195,2025-10-05
07d35ea7-7537-44da-87df-340b6eee437c,87c02581-5dbc-48b1-93fe-4e3f0c8831f1,7995696d-7e15-43f6-8320-0ab1c61e866e,2025-10-04
ad9f84a8-1ca7-4196-aae9-494fd18dbac8,00d4bac8-9a8c-453e-aef1-ba1c201320ae,ab756aae-c0b0-4a4d-b4ab-1776a67d53a4,2025-10-04
e4dfcef9-089a-4ae8-8c11-a6a876933ac0,7da58fd0-31e7-4eb4-b4f6-13e91c0ea46d,6290b218-8326-48c6-a059-e9ca4d2d0604,2025-10-04
0ac857cb-d73a-4160-a733-35d509a5f615,7a8ac316-a3a6-46fe-8948-24151886401f,c4a90b64-c727-44aa-966b-35d7a9d08ce7,2025-10-04
7eef624c-76ed-4b1a-82fb-4e28fd759638,86ca3d59-5b6e-4752-af3f-2bc84147008e,44489c31-e844-4879-9fdd-ecbde381be53,2025-10-05
b6d27525-f1a2-4c1b-873a-aa66f043f7bc,28ed88f0-7e49-4962-90c9-3d2f64a88a60,1c86e9e8-5a99-42db-adb5-5f4576c8857f,2025-10-04
e8281f6e-50aa-4d51-b86f-f827583af29a,17e1cea2-9562-4383-9319-88b48f8c8e71,aa6f89f1-836f-445f-8250-b5711f61a6f7,2025-10-05
dd4556b9-23f1-4182-bacf-382b3ea3a38d,727aa402-e84c-473e-b395-f84cbaf0f88f,b361bdaf-2411-463d-960a-222d684df799,2025-10-04
8fd9321c-4233-46e9-afa0-57be8855c78f,639c9a90-e5e5-492b-bf1f-27b69a17ff57,08aa270e-1a78-4ea2-a55b-cc6f9782ad1c,2025-10-04
07264677-3e1d-4d98-8da5-674ca8efb0f4,7b144b08-3dc9-4038-9822-712c030a6305,c4a90b64-c727-44aa-966b-35d7a9d08ce7,2025-10-05
30124ec8-e420-4119-a270-c50ee6df21ba,a92b2eb3-f361-4b80-900a-f6ded6dcb40d,59e1db1a-84bc-41bb-9487-901f47097571,2025-10-04
483e5287-82e7-4818-ae88-6ac173fd17e2,091590be-5b0d-4edf-b863-c0c1bf9a1afb,629f605c-7345-479e-be07-89f7e023b082,2025-10-04
3e3b221f-7097-4b67-beee-7259666afcc9,4524da4c-8d07-49c3-9acd-6ab9155917f6,23ca0089-1ec1-4fdc-a5c9-b730efb0740e,2025-10-04
4cc724d9-931e-4428-9cdd-bce78ae0fba8,bbd6f8b0-7583-4e05-8379-574f9cb0ee3d,98291b87-41c4-4858-9506-8186e898c0a9,2025-10-05
4d49fd61-e33f-46ae-9c50-aacf414f8fe4,7bdc651f-4259-4a04-a5ee-23af0afadc4b,0fc3a424-4864-4ad9-9041-adb56314f654,2025-10-04
597c3d14-0457-4893-8fdc-5d27fbd99699,de893412-4fb0-48dc-8bda-eb8bf63e2af2,b361bdaf-2411-463d-960a-222d684df799,2025-10-05
9b3ebf45-ba7d-45dc-a2a9-c9d539980b61,57cc19f7-a43a-48ac-ab6d-5bcd4329070d,9624f2ed-8235-461f-a37c-051d7e33d0d8,2025-10-04
c84353ab-bb3d-4959-a658-cacd0dc9d61f,d462581f-d396-40a0-8447-e8059e9f71bf,5c6a208b-5ccf-40c9-bb5d-aa65f9b7b13c,2025-10-04
9961a0ec-b54b-4b7e-bac4-132023438889,5dff8c85-867a-4395-a4c9-5df208f7c7a8,a9c24d3c-d22b-43c2-875d-265385128079,2025-10-05
91ef1fab-f805-4ab9-9f2f-d4d4c95dbb74,9e587f4f-beee-493c-99c6-e085e7683ca7,7995696d-7e15-43f6-8320-0ab1c61e866e,2025-10-05
30635b1f-7a50-493b-8403-ae160d5a24df,091590be-5b0d-4edf-b863-c0c1bf9a1afb,73f2a39d-b281-4a13-99df-96331757d6d1,2025-10-04
06b1e9ca-c537-4e06-851f-62fbc2ee2e85,f06207d1-a62d-40b9-af7d-c10c3eb9a443,9adf6b3f-2475-40d0-8b86-0f6163532cdc,2025-10-04
d310e7a2-efbe-4e96-9322-aadf625374d5,7e3d83a0-1535-433b-90e6-bf6f8c1fb04c,fdb812c5-14e2-48fc-a2ff-2868866a4332,2025-10-04
2777d783-6012-4184-ac80-65bcf0f879dd,ed2c39c6-66e6-4dfb-9d9d-d125c2cbc4c5,0fc3a424-4864-4ad9-9041-adb56314f654,2025-10-05
4d62354b-5672-4a4f-a73d-60dba2683690,7a8ac316-a3a6-46fe-8948-24151886401f,9751a3fc-33fb-4404-884f-95198ae5c3ed,2025-10-05
06f8d0c5-9bd7-433e-9739-90e19e3f394d,7a8ac316-a3a6-46fe-8948-24151886401f,e832a042-adfb-4068-bc17-372c2898e275,2025-10-04
80e1ee0d-a010-4d39-8dcb-dee218187958,cccde60c-0811-4888-a87a-9a4e22a6eaad,7995696d-7e15-43f6-8320-0ab1c61e866e,2025-10-05
4474ea97-2710-4bdc-9f38-8ae95167dbeb,b3bc5d52-8c23-44c2-8b63-fd9937f096b6,a05e05b2-ebf8-46a9-8665-6b1eb4fbaf92,2025-10-05
15b2c0d3-5288-4e73-9f0a-865ce5af8e98,7bdc651f-4259-4a04-a5ee-23af0afadc4b,b729e05c-1a16-4a05-a211-7bfd8bfe9cde,2025-10-04
3327cafe-0eba-4ccb-bbf3-ae7d3fa60ce4,cccde60c-0811-4888-a87a-9a4e22a6eaad,a6cc7ee9-2ff9-490a-829b-242ebfad8931,2025-10-04
04b045fe-56bc-4753-8d39-c0ae56e0b282,639c9a90-e5e5-492b-bf1f-27b69a17ff57,e6f3afa4-05c0-4945-abee-417e3ee43332,2025-10-05
9c1ac6da-fe19-49db-9dff-1b3d73468ec5,387a1aec-ec56-4fc0-9b33-13ad2c8cc5fb,335bbf7c-fea1-48da-8c00-1796bf0acacd,2025-10-05
8928928f-1bd1-4e8a-a4bd-d51eae4d8889,35df9f07-7ae0-4e70-abc6-e046f442e11c,8c5b62d3-682e-4c8f-8b26-5da28bbfd0bd,2025-10-05
06e79592-b506-4436-a827-b4016f2deb66,4eeaba2d-b113-4a2f-9726-c39fa23f508f,4ebe259f-2511-4d15-b54c-417c294f9164,2025-10-04
ce4fe43e-d199-43cb-ae6d-fde9c3d5a00a,b4b2fb57-609a-4f2c-8976-d10a96339c04,b729e05c-1a16-4a05-a211-7bfd8bfe9cde,2025-10-05
9371b64b-d526-4d03-9906-09ef7718f341,639c9a90-e5e5-492b-bf1f-27b69a17ff57,3714dc0c-45b0-43af-b721-4377d11229c4,2025-10-05
419486d4-b786-4831-8792-9faa9cdfdb51,cacd3a10-adfd-4c8d-88b1-5de389962517,59e1db1a-84bc-41bb-9487-901f47097571,2025-10-04
18a6ec4c-985a-4743-9caf-f16d378c3029,cccde60c-0811-4888-a87a-9a4e22a6eaad,348ead7a-74b2-4b57-931d-7fc3875043ce,2025-10-04
eff5ed05-b537-4431-b104-9b47cf559c5e,b3bc5d52-8c23-44c2-8b63-fd9937f096b6,e6f3afa4-05c0-4945-abee-417e3ee43332,2025-10-04
a6db855f-ec7b-4f8d-8a32-73d458a0ac01,1af973dd-e5e0-4735-a5f3-c8fe1b0a8a57,6290b218-8326-48c6-a059-e9ca4d2d0604,2025-10-05
8b16c810-30a1-4932-b6f7-d77ed96585f4,aa6f3e49-4ec4-45b1-9595-cb371ca7df40,53bae178-6812-4630-b180-7e4b514184df,2025-10-05
378a0113-d0f8-414d-ab29-65ead4a8b886,7da58fd0-31e7-4eb4-b4f6-13e91c0ea46d,b729e05c-1a16-4a05-a211-7bfd8bfe9cde,2025-10-05
e8abe3e8-cdce-4e66-8885-c1f9b7aab33f,6bb16d8d-c243-41e7-830c-b6d4d3c83522,b26cb43b-5333-43aa-ad46-48c9888d5577,2025-10-05
3e075a6d-5a57-43ad-9027-d10710e24ef7,aa6f3e49-4ec4-45b1-9595-cb371ca7df40,c66dd421-d22c-411c-ba10-b2706a270408,2025-10-05
35d63786-3643-4ace-ad1f-f01d6e7192f2,aed89355-899c-46f0-adc7-b2b92158a0eb,738ab84d-417d-40e3-9685-69b5e54a331c,2025-10-05
45a62fe8-ba05-4799-953e-8bb42f194041,2e0e9bed-920f-4be5-bde9-fc978c967f95,335bbf7c-fea1-48da-8c00-1796bf0acacd,2025-10-05
50143327-5316-4289-b74a-868e44664c32,387a1aec-ec56-4fc0-9b33-13ad2c8cc5fb,c438a90a-1ece-4d2f-8442-19b948f304c5,2025-10-05
37095a4c-c38f-4348-b36c-0c92e510e882,5dff8c85-867a-4395-a4c9-5df208f7c7a8,e6f3afa4-05c0-4945-abee-417e3ee43332,2025-10-04
57df1737-5a42-44ec-9123-1246b251dce5,7355254e-ffff-4403-8090-ca0f93052f45,30b50d93-6206-42f5-94fb-175ae01749da,2025-10-05
7dbf9cc1-6a47-4a1d-9ff5-65d9fc8236d6,b3bc5d52-8c23-44c2-8b63-fd9937f096b6,2a95ae73-6b19-44e6-ba5a-cf52cfd1d68a,2025-10-05
31ad48db-4e1f-469e-b612-592efbd69a61,d170355f-55d2-4246-8deb-6438477aee47,49185c46-3387-4d1c-b140-beba61e24a7d,2025-10-04
214950d0-1b21-468d-b47f-418aaf657a5d,032f4150-ebcd-400d-82c2-8f97c9bbbc0e,1c555512-f5ef-4e93-a9ee-0efa5b04174b,2025-10-05
ebf1d5e2-43ac-48d8-bc0f-cf153953dc89,cc30ae17-6eaa-425f-9f9f-ab43c262f19c,1c555512-f5ef-4e93-a9ee-0efa5b04174b,2025-10-04
341663ec-da40-452c-bced-4e46d9fe25b6,87c02581-5dbc-48b1-93fe-4e3f0c8831f1,62449bfc-6870-4213-bbcf-638604c16bcc,2025-10-05
71799642-e332-4bad-a38c-12ab478e63e2,4f3da0df-9862-49cd-b256-d7bf411882c6,2a95ae73-6b19-44e6-ba5a-cf52cfd1d68a,2025-10-04
8c161978-4c5e-4ffb-988a-03fb5e5c1d85,ed2c39c6-66e6-4dfb-9d9d-d125c2cbc4c5,2da8892c-5792-4227-927e-6c0aaaaca645,2025-10-04
de2e99dc-886d-4ff8-bfc7-eb1539f15317,fd3cb093-c40a-4610-aadd-bca07500104f,3714dc0c-45b0-43af-b721-4377d11229c4,2025-10-05
da38595d-0e8b-4812-9d0b-6c47e25c0052,48415c6d-0326-4cc3-a3db-dc35a5c1207c,5d6b8eac-fe37-40c9-83f9-f8468cb8052b,2025-10-04
32275b9d-bfbb-4a8a-84b5-1950ff28fceb,6bb16d8d-c243-41e7-830c-b6d4d3c83522,763c70e7-507f-4f9e-9922-72c9f3e2476d,2025-10-05
8d930d46-a7a4-4562-bebc-8864060e540d,e7eade17-ddde-4f41-a74d-28f1011e2cd7,559c3f07-f7b6-40da-a076-28297513d0ff,2025-10-04
df3c6284-6f32-4cf8-895a-1d804c2dbbc5,aed89355-899c-46f0-adc7-b2b92158a0eb,7ea6ee57-f281-4386-a987-63d4634bcf34,2025-10-04
fb256168-a00a-43e1-8ef8-985420def4a3,f06207d1-a62d-40b9-af7d-c10c3eb9a443,1e90a8bc-6907-4288-8b0d-d35650a0aca4,2025-10-05
6e8ca399-ff61-4d6b-ab7c-9bf888e938dd,7e3d83a0-1535-433b-90e6-bf6f8c1fb04c,7995696d-7e15-43f6-8320-0ab1c61e866e,2025-10-04
bafa5cb9-9a1f-46d3-bcd6-cd57498c1262,f1556049-f6f7-4365-94c5-fe887827c3f1,59e1db1a-84bc-41bb-9487-901f47097571,2025-10-04
fcdc3dfc-8d06-4cb7-9b01-49ca62a37492,87c02581-5dbc-48b1-93fe-4e3f0c8831f1,64089448-1023-48e0-a8c6-a0e9c78b1516,2025-10-05
89f19c73-4c85-4282-85c5-179ac6a69d93,f9397031-4637-4258-a31a-6b56e230ca79,cc1b8529-d90d-4c4a-94e3-6c38a3926345,2025-10-05
2cc217c8-8320-4fb8-9401-eb0355ec8a5c,a64793b9-cff6-42cc-933a-cd18a6cc3629,629f605c-7345-479e-be07-89f7e023b082,2025-10-04
65da8a29-d168-4023-9508-63c86bc395c9,b3bc5d52-8c23-44c2-8b63-fd9937f096b6,49185c46-3387-4d1c-b140-beba61e24a7d,2025-10-04
8a7f0c2f-50c0-4f4a-90e9-372ec709145b,639c9a90-e5e5-492b-bf1f-27b69a17ff57,59e1db1a-84bc-41bb-9487-901f47097571,2025-10-04
0f24252e-1b28-43e6-9618-735a2091b668,b4b2fb57-609a-4f2c-8976-d10a96339c04,54047ab3-0885-4ce7-b5c1-a498740e5560,2025-10-04
87f9ace3-8530-475d-9548-1a1fb4f4aaa3,387a1aec-ec56-4fc0-9b33-13ad2c8cc5fb,4ebe259f-2511-4d15-b54c-417c294f9164,2025-10-05
a63b307a-c4fc-4645-88ef-f80947d8f2d9,20d9d3cd-2d25-4d0e-8297-cda2f93d9de6,e5ef676a-d568-49c1-81e9-93303950984c,2025-10-04
