id,worker_id,course_id
cbb1b5f9-6702-4b2a-8fc2-a8220d228522,bbd6f8b0-7583-4e05-8379-574f9cb0ee3d,fdb812c5-14e2-48fc-a2ff-2868866a4332
7b900ffa-2f42-4e9a-a3bf-87303956d281,72b0367c-5de9-4b54-a706-83ea8cc2bc61,78408550-d7e9-4cf3-b36d-4c78c5948cd4
39199dab-d34d-4b80-b898-22c38fbc7880,d170355f-55d2-4246-8deb-6438477aee47,ca1ebdf7-b53b-4b71-b3d0-eb80214c5ef8
24dcbd6e-5985-4951-9078-4a28b8b3b301,6bb16d8d-c243-41e7-830c-b6d4d3c83522,cff376e0-f1c6-4a84-a987-aeed5b72689c
73bc9b58-5afe-4030-b6b0-081f5d5bcb02,45e5fe5e-bcbe-419e-8e39-b6646ab64bdf,98291b87-41c4-4858-9506-8186e898c0a9
13d7e56f-338e-4b00-9114-36a8bf239955,f7d91879-e540-47d3-87fa-a90619d21644,a9c24d3c-d22b-43c2-875d-265385128079
8341b47b-378e-49cd-9c20-ce9c07d5c7a8,6a242240-0a7b-4dc9-bd1d-52587d677a28,7ea6ee57-f281-4386-a987-63d4634bcf34
0c6a2b8a-bae5-4596-b532-58940830a5a5,483313c9-ead9-4572-891f-fb999820c6b1,214b30c5-99ad-4290-9c2a-b5ab4a4d9195
8c492933-96f1-4d01-9202-48d8ed85323b,35df9f07-7ae0-4e70-abc6-e046f442e11c,b92fb64a-d0a0-42f4-9c03-11126a652447
dde9d1d0-697a-4c9e-b580-9057648cafc8,6a242240-0a7b-4dc9-bd1d-52587d677a28,559c3f07-f7b6-40da-a076-28297513d0ff
bee2c517-c761-43f7-af0a-21b5219dc81e,b0a37b6b-3f33-4ba8-aec6-9c16799ec147,6c03136c-b6c4-418b-a00b-e195b2756dfb
24e180e4-8152-43fe-97dc-d1c75b6b4289,b5547f87-a323-47ee-8682-1769fdb9fc61,a34bf1c2-10d8-4c70-bebd-67eaab8fa6a0
3b1128b7-eb32-48cb-ac54-443fb71db778,f7d91879-e540-47d3-87fa-a90619d21644,84894cea-8dff-4151-b8fc-0cff236735da
00d30f10-fc3a-479a-9b19-4d7229f573e6,250728ca-1d03-4abd-8bb5-8fb82210a8ee,6ccee7e4-5dad-40c7-95ac-daef5ce885e2
e5893be4-9695-49b0-a44f-25a4a9ae319a,9e587f4f-beee-493c-99c6-e085e7683ca7,9751a3fc-33fb-4404-884f-95198ae5c3ed
9960a919-9381-4820-b5a9-92298d67a4c6,ed2c39c6-66e6-4dfb-9d9d-d125c2cbc4c5,53bae178-6812-4630-b180-7e4b514184df
2af8aa91-b82b-4829-8395-b281ccfa45bd,6a242240-0a7b-4dc9-bd1d-52587d677a28,c4356445-4a39-4f94-a53d-bf985738ac4c
61f29993-eda1-473a-ad54-3cd2aeab978a,2c1064d3-80ee-4213-bd29-843c9ddc1a27,75f341a1-73c5-47fa-b55e-5b02f75071f4
a74b6575-018e-4ee1-917d-225718ea8660,4f3da0df-9862-49cd-b256-d7bf411882c6,5a8223f9-e75a-48b3-ac47-a981a9b66a18
a1ff7e1b-e703-410a-be4f-cb24c7cc0556,9e587f4f-beee-493c-99c6-e085e7683ca7,49185c46-3387-4d1c-b140-beba61e24a7d
da4433d7-9408-488b-8311-bcf8fb5b35c6,7a3feca8-72b3-40a2-8501-1d76f488d5e7,5c6a208b-5ccf-40c9-bb5d-aa65f9b7b13c
4b8ecf16-d585-4b7f-9716-a8f78c245244,5dff8c85-867a-4395-a4c9-5df208f7c7a8,a05e05b2-ebf8-46a9-8665-6b1eb4fbaf92
a9f53c7f-43e7-4b13-be3c-59d814225a52,14b013b9-0513-4656-9a96-b1b7b50cbca6,a05e05b2-ebf8-46a9-8665-6b1eb4fbaf92
c0e467dd-233f-4ad0-91e5-750d88bbed11,35df9f07-7ae0-4e70-abc6-e046f442e11c,7c3a0a57-6773-4d1f-9ecb-5089f7581b97
51237fcf-e32f-4a88-ad43-8d2fddd29352,0793f743-ffd8-453f-b53d-5ec0f7ab0a83,69ed10b8-f031-49f2-bea7-d96c4f9cb686
21ab8c27-e460-4830-befa-28345a82da24,6bb16d8d-c243-41e7-830c-b6d4d3c83522,73f2a39d-b281-4a13-99df-96331757d6d1
0cbeacfc-38d6-49ca-bb92-d319c8a1b5e2,cc30ae17-6eaa-425f-9f9f-ab43c262f19c,a6cc7ee9-2ff9-490a-829b-242ebfad8931
2ca622a8-287b-44de-b0ca-9b78f2c196f5,0808dd49-953b-48ba-9cf6-190fb3e572e4,5c6a208b-5ccf-40c9-bb5d-aa65f9b7b13c
b09e9b68-bc9a-420d-8eba-bd1878637af4,b3bc5d52-8c23-44c2-8b63-fd9937f096b6,958d02f0-6e9d-461b-a744-f29fcf804799
9679a9b2-9d20-416c-869f-fc85f06e5b8c,51d4d5c3-7686-4bc6-9f4e-f279711998e9,e9de3af4-7492-4dbc-ab0d-4a9a9a409460
807d85c0-c1f7-410f-83bd-c02cacf639de,8f0aaf8e-9974-42de-9418-484d73be5712,8acc6eb5-08f4-465e-844f-74e29f9bc851
2987c5cb-7abe-45ca-9f9b-c89707b3562c,6a242240-0a7b-4dc9-bd1d-52587d677a28,0ac50b23-c5e4-45c8-8300-9af01d835805
19ab1c28-2e36-41b4-8bf5-ce4ff893f362,20d9d3cd-2d25-4d0e-8297-cda2f93d9de6,ab756aae-c0b0-4a4d-b4ab-1776a67d53a4
613a562a-b120-4960-ab3c-cf548945e3e8,2c1064d3-80ee-4213-bd29-843c9ddc1a27,7c3a0a57-6773-4d1f-9ecb-5089f7581b97
fcefa15f-67c8-4b5b-aba1-19e0fb1dc286,6bb16d8d-c243-41e7-830c-b6d4d3c83522,cc1b8529-d90d-4c4a-94e3-6c38a3926345
430ecf42-77ae-48d6-b10f-d6326a2764e2,8f0aaf8e-9974-42de-9418-484d73be5712,2da8892c-5792-4227-927e-6c0aaaaca645
c9ffd113-ac6c-46c9-8b9b-29c2b2c44eff,06665096-443a-41e6-baf6-49f252c4b526,1c86e9e8-5a99-42db-adb5-5f4576c8857f
110eb289-8f22-479c-a23a-5679fc6b3ecb,cacd3a10-adfd-4c8d-88b1-5de389962517,2a95ae73-6b19-44e6-ba5a-cf52cfd1d68a
312cc15b-b8b3-4a2a-9799-58f361a4527f,1769d6ef-a50f-417f-b76e-0ba194f9334b,7174d6c4-4b07-4468-b773-230470741c73
6fbe467c-e17b-4376-8a45-78cae53bae68,f1556049-f6f7-4365-94c5-fe887827c3f1,d5f96fb3-cc62-480b-b427-352b079f24e8
fc99f2b4-d88f-4152-814d-dcde61008215,35df9f07-7ae0-4e70-abc6-e046f442e11c,59e1db1a-84bc-41bb-9487-901f47097571
f3189e73-7069-4eab-b57e-fab46bbbacf6,4eaea3da-89c1-4c88-a272-dcd815b6c19d,ca1ebdf7-b53b-4b71-b3d0-eb80214c5ef8
941181c6-1eb6-4d70-a0ae-656207d9c9f0,aac2c41a-2408-44b9-9617-140f86e3d4ec,23ca0089-1ec1-4fdc-a5c9-b730efb0740e
f88dfded-0c11-41a6-917c-78eff1a51e6d,6ed787d8-3fa2-4335-8434-70643c94494c,8c5b62d3-682e-4c8f-8b26-5da28bbfd0bd
04e22424-a95f-44d6-9dad-8564f75610c2,f57bb1e3-f01b-458b-8515-7958ff5deb03,0fc3a424-4864-4ad9-9041-adb56314f654
e0c1ebdb-15bd-4978-bb97-ae707ab91fb3,0793f743-ffd8-453f-b53d-5ec0f7ab0a83,3714dc0c-45b0-43af-b721-4377d11229c4
bbf29de6-b30f-4beb-b436-2504e5209ef0,7bdc651f-4259-4a04-a5ee-23af0afadc4b,aa4ec40c-5f68-4e35-8cf1-3a112fc42f76
c98c05ab-5f4e-465e-9f9d-ed6ea1f10992,23bb3f27-a342-4a6d-b081-ecda8c162eac,7c3a0a57-6773-4d1f-9ecb-5089f7581b97
15892881-f47b-4280-893f-7afc4bf17e91,25ff710f-da2e-4520-8dc0-de9c9148f874,7ea6ee57-f281-4386-a987-63d4634bcf34
5492052b-fe0a-40a9-966a-4f9e312b4e86,25ff710f-da2e-4520-8dc0-de9c9148f874,23ca0089-1ec1-4fdc-a5c9-b730efb0740e
f867bb7f-1bbf-4f8c-8faf-4981cb2655d3,f1556049-f6f7-4365-94c5-fe887827c3f1,5c6a208b-5ccf-40c9-bb5d-aa65f9b7b13c
ad5aa30e-77a2-4ba3-b708-947d288ab46a,00d4bac8-9a8c-453e-aef1-ba1c201320ae,7174d6c4-4b07-4468-b773-230470741c73
ce517094-8827-45e6-8a2b-d5eb70bc571f,b5547f87-a323-47ee-8682-1769fdb9fc61,d5f96fb3-cc62-480b-b427-352b079f24e8
e2963eb3-9709-42b6-949d-6dcf2c06d580,00a0ccdf-5402-4a02-99c9-b0a12a0d5e65,e5ef676a-d568-49c1-81e9-93303950984c
adec7a1e-63b5-465d-a3ba-8a54c352290f,b4caef0a-914f-4bb0-a679-07f2ca0c9540,a34bf1c2-10d8-4c70-bebd-67eaab8fa6a0
f7828981-4c11-44f2-95b7-b1af40d36962,25ff710f-da2e-4520-8dc0-de9c9148f874,fdb812c5-14e2-48fc-a2ff-2868866a4332
5a308140-7244-4ab1-8fb3-2ea481d50aa4,960a5ed7-70ac-417f-a263-d9ab19272c2d,1c555512-f5ef-4e93-a9ee-0efa5b04174b
bf9cde53-9684-4322-a682-ae42c9f9b3bc,b0a37b6b-3f33-4ba8-aec6-9c16799ec147,ef79a665-4f0b-43a1-b043-9eca69fa60ca
222ad3eb-2d44-493b-b600-93a0abbb1ff8,b4caef0a-914f-4bb0-a679-07f2ca0c9540,1c555512-f5ef-4e93-a9ee-0efa5b04174b
89988733-e63f-4523-ace4-6dd877bd28be,2c1064d3-80ee-4213-bd29-843c9ddc1a27,3714dc0c-45b0-43af-b721-4377d11229c4
329b72f8-e6cc-496d-944e-5ebfe84ab494,aa7aad70-2c4d-47d9-8d3b-fe5544bff744,96bdb72c-1ee4-4e50-949c-be8b94218add
9054575b-77c2-48fc-8f9e-d562e91dd821,87c02581-5dbc-48b1-93fe-4e3f0c8831f1,559c3f07-f7b6-40da-a076-28297513d0ff
2f054579-4e77-494a-ba44-4182e3722d8f,b4caef0a-914f-4bb0-a679-07f2ca0c9540,a05e05b2-ebf8-46a9-8665-6b1eb4fbaf92
50aa5d33-b29d-4e69-b725-94f61f0cd242,86ca3d59-5b6e-4752-af3f-2bc84147008e,e6f3afa4-05c0-4945-abee-417e3ee43332
8e8fce59-963b-473b-838a-954b7af8cbdb,7e3d83a0-1535-433b-90e6-bf6f8c1fb04c,763c70e7-507f-4f9e-9922-72c9f3e2476d
976f047b-3143-4024-a726-ce34caaf46ee,0f63061c-adcf-4f01-87bf-2c8e81a85707,0bee37c7-0d0f-4ac4-85ac-9dd17756d0b7
235a5819-ab42-4084-8d5e-771bd96e39f3,f57bb1e3-f01b-458b-8515-7958ff5deb03,a449036b-84ed-46bc-a9f6-6953803d158a
c08fada1-51df-48e4-ad81-b12a6293ba64,23bb3f27-a342-4a6d-b081-ecda8c162eac,763c70e7-507f-4f9e-9922-72c9f3e2476d
30794ed9-2d90-47c9-8c50-192f6da30eb3,a8d224e3-9b54-40f2-b88d-a6ef89a588b6,62449bfc-6870-4213-bbcf-638604c16bcc
44a42034-fa94-4915-8967-622ded24ded2,96eb8b4d-08da-4fdd-8301-3a293ee4dd1f,d5f96fb3-cc62-480b-b427-352b079f24e8
fdfa9c7f-3714-4d20-a265-649ab4d3e97d,aca2b08d-2bb8-49b7-8270-0d8a148c472c,9624f2ed-8235-461f-a37c-051d7e33d0d8
341dd083-7eae-4948-9951-c78ce70e5c47,b4b2fb57-609a-4f2c-8976-d10a96339c04,763c70e7-507f-4f9e-9922-72c9f3e2476d
f8d9e4de-5525-4b66-93f2-a4a7725a3a0c,5dff8c85-867a-4395-a4c9-5df208f7c7a8,974c2726-a0ca-4e03-a388-2e292bdbdeec
b1af3bd1-abb5-4123-beb4-34e2e0b6a83e,1769d6ef-a50f-417f-b76e-0ba194f9334b,f1656ab3-1bc6-4835-b616-fee04372635d
a27de09b-b293-46c8-b033-734f568988d4,cc30ae17-6eaa-425f-9f9f-ab43c262f19c,636d11b8-b20e-4002-a16b-18c303ea0ae4
a39e4b4e-e698-4444-8bdd-9031c3e44a8a,f477c5a3-6a58-4303-a3db-bd18a78960f0,214b30c5-99ad-4290-9c2a-b5ab4a4d9195
251f0aed-d77f-40a3-8f67-bd6185426aff,2e0e9bed-920f-4be5-bde9-fc978c967f95,78408550-d7e9-4cf3-b36d-4c78c5948cd4
2aa4b5cb-cb1f-49d6-a615-30c54cc748d1,a8d224e3-9b54-40f2-b88d-a6ef89a588b6,e5ef676a-d568-49c1-81e9-93303950984c
67c9c323-fc9e-4f2d-9e27-8fe70c8596e8,483313c9-ead9-4572-891f-fb999820c6b1,4ebe259f-2511-4d15-b54c-417c294f9164
24d71858-f357-4b3e-901e-61ac7e8b5395,ed2c39c6-66e6-4dfb-9d9d-d125c2cbc4c5,0bee37c7-0d0f-4ac4-85ac-9dd17756d0b7
89397bc7-737a-4ef7-adfa-cdd57dfe63e8,f477c5a3-6a58-4303-a3db-bd18a78960f0,b26cb43b-5333-43aa-ad46-48c9888d5577
7d7dc467-ea2c-4faa-af83-482aed58cf2a,0793f743-ffd8-453f-b53d-5ec0f7ab0a83,e5ef676a-d568-49c1-81e9-93303950984c
5574761d-4a51-4250-aef9-b3676fa2241b,14b013b9-0513-4656-9a96-b1b7b50cbca6,96bdb72c-1ee4-4e50-949c-be8b94218add
a4077539-f307-40ae-963c-8ff8998f80ec,686030ce-ac94-4d80-8483-3177deeb8b1f,d5f96fb3-cc62-480b-b427-352b079f24e8
df38d42a-2c8b-48be-92f4-7d2c945ea24a,5dff8c85-867a-4395-a4c9-5df208f7c7a8,5a8223f9-e75a-48b3-ac47-a981a9b66a18
e0d1abb0-65e3-4818-a959-ca28d543869d,a64793b9-cff6-42cc-933a-cd18a6cc3629,559c3f07-f7b6-40da-a076-28297513d0ff
a63365a8-f9ff-466f-97ca-65c467fbce61,fe6b1e37-c450-46e1-973c-7849f6834942,54047ab3-0885-4ce7-b5c1-a498740e5560
9f2478a6-42a1-4081-9917-ebf893a5f88a,250728ca-1d03-4abd-8bb5-8fb82210a8ee,e9de3af4-7492-4dbc-ab0d-4a9a9a409460
3214fd49-4489-4c03-ac67-22cfdad7a00d,b3bc5d52-8c23-44c2-8b63-fd9937f096b6,44489c31-e844-4879-9fdd-ecbde381be53
7af830d8-5c5b-4a0a-9f53-8333547feee6,1769d6ef-a50f-417f-b76e-0ba194f9334b,763c70e7-507f-4f9e-9922-72c9f3e2476d
dd1d1112-48a0-499d-8696-b1ef2ccef797,8ed53e6d-f1bf-453e-9439-5a282400afe1,48f2b407-6013-45a7-b7c3-3082c6d0b006
10ce7989-f874-49ff-8d41-57b834367eb3,0abed7a3-7d53-4568-8248-44b6b7083a45,48f2b407-6013-45a7-b7c3-3082c6d0b006
fc60e8e0-f35f-47e8-a7cf-1be3bfc2eccf,fd3cb093-c40a-4610-aadd-bca07500104f,fdb812c5-14e2-48fc-a2ff-2868866a4332
a53b71c1-1498-4810-bc9b-4320c300e40c,b60a3666-0256-41bf-9cd6-33e6f86d5d90,ef79a665-4f0b-43a1-b043-9eca69fa60ca
d4eb8420-b5cb-4074-a8f2-683fb69bb0b9,0abed7a3-7d53-4568-8248-44b6b7083a45,ab756aae-c0b0-4a4d-b4ab-1776a67d53a4
95a45a87-97c6-4b8d-ad87-f28d75256b6c,f06207d1-a62d-40b9-af7d-c10c3eb9a443,5d6b8eac-fe37-40c9-83f9-f8468cb8052b
8c732299-5d86-4617-88dd-0129d2900c7d,f06207d1-a62d-40b9-af7d-c10c3eb9a443,62449bfc-6870-4213-bbcf-638604c16bcc
8b701210-44d4-4a63-9560-14c8d014f7b4,b3bc5d52-8c23-44c2-8b63-fd9937f096b6,5d6b8eac-fe37-40c9-83f9-f8468cb8052b
9236eb15-478a-45b2-bae0-13e93f213a26,b3bc5d52-8c23-44c2-8b63-fd9937f096b6,e9de3af4-7492-4dbc-ab0d-4a9a9a409460
5c7492de-98a2-4ec5-a081-8cdad9216b0a,ed2c39c6-66e6-4dfb-9d9d-d125c2cbc4c5,b361bdaf-2411-463d-960a-222d684df799
c1844864-c381-4678-a15b-084a970b9779,ed2c39c6-66e6-4dfb-9d9d-d125c2cbc4c5,6ee76a6d-13e6-40e8-95d8-3e04d4270dae
70188a67-f2d8-412f-9982-91aa00728109,b4caef0a-914f-4bb0-a679-07f2ca0c9540,2da8892c-5792-4227-927e-6c0aaaaca645
2f76613b-b1e4-4f61-9d4f-2c4be0658be1,0f63061c-adcf-4f01-87bf-2c8e81a85707,738ab84d-417d-40e3-9685-69b5e54a331c
666bd0c7-d255-4b54-8aa2-3663cc5bca0c,b4b2fb57-609a-4f2c-8976-d10a96339c04,974c2726-a0ca-4e03-a388-2e292bdbdeec
c0a6eed1-b941-4af4-8530-735afeb1f9be,1af973dd-e5e0-4735-a5f3-c8fe1b0a8a57,7174d6c4-4b07-4468-b773-230470741c73
ac35244b-9f2f-49c4-8cb8-bbfcc6de02c2,fd3cb093-c40a-4610-aadd-bca07500104f,2a95ae73-6b19-44e6-ba5a-cf52cfd1d68a
3016fe8f-128e-4201-9f29-3171c4a3881c,1769d6ef-a50f-417f-b76e-0ba194f9334b,0ac50b23-c5e4-45c8-8300-9af01d835805
efb7bae7-2be2-42e4-a301-dfe0350d09fc,fd3cb093-c40a-4610-aadd-bca07500104f,7c3a0a57-6773-4d1f-9ecb-5089f7581b97
0fd90569-e625-4143-9329-20363a319f89,d170355f-55d2-4246-8deb-6438477aee47,5d6b8eac-fe37-40c9-83f9-f8468cb8052b
1ed3bb50-3438-41f7-b8fd-63776e00ec81,6bb16d8d-c243-41e7-830c-b6d4d3c83522,a05e05b2-ebf8-46a9-8665-6b1eb4fbaf92
298589a8-13d0-4ba1-91a1-3f5a074373ff,4eeaba2d-b113-4a2f-9726-c39fa23f508f,6290b218-8326-48c6-a059-e9ca4d2d0604
949bf119-afdf-4017-a2cc-5b4b8d072c0c,20d9d3cd-2d25-4d0e-8297-cda2f93d9de6,a9c24d3c-d22b-43c2-875d-265385128079
d0efc291-d8f4-4ec8-bc1c-c9a1c2c6a16f,7355254e-ffff-4403-8090-ca0f93052f45,c4356445-4a39-4f94-a53d-bf985738ac4c
579a49dd-1094-4314-aae3-462015488587,96eb8b4d-08da-4fdd-8301-3a293ee4dd1f,0ac50b23-c5e4-45c8-8300-9af01d835805
62ce9fba-b7c6-42d4-b5f0-43fa13a8b40e,f477c5a3-6a58-4303-a3db-bd18a78960f0,49185c46-3387-4d1c-b140-beba61e24a7d
6998a93d-b915-4ee5-8e48-cbec0a599d5f,d462581f-d396-40a0-8447-e8059e9f71bf,69ed10b8-f031-49f2-bea7-d96c4f9cb686
2b33e055-a06b-4d8c-92a1-eed560381ec4,387a1aec-ec56-4fc0-9b33-13ad2c8cc5fb,9858b00b-638a-4d56-8c42-77fdcacc1c1c
d77e351e-2df0-408f-b0f4-82e1a5ab5a47,6ed787d8-3fa2-4335-8434-70643c94494c,dbdbc2ef-cb6b-4a9d-bd95-1979539a3b3c
eb28439f-1a5f-4d44-9a90-994db0d19545,23bb3f27-a342-4a6d-b081-ecda8c162eac,f5bcce6e-3aaa-4664-8542-ce3fab99b896
51fb75ad-180c-4a44-a44d-6be661222ea1,686030ce-ac94-4d80-8483-3177deeb8b1f,7995696d-7e15-43f6-8320-0ab1c61e866e
d43e71dd-840c-4797-80b2-f02bc29663c0,6b354506-3bed-49f5-9825-31e685541d6f,7f102457-d5d0-423b-88bd-0c7848a4b205
72f8e8e9-eb9b-435d-8c89-8d9fc8ed2cef,5dff8c85-867a-4395-a4c9-5df208f7c7a8,6290b218-8326-48c6-a059-e9ca4d2d0604
41025477-1850-4791-b3c0-ca9f35c2677d,d170355f-55d2-4246-8deb-6438477aee47,559c3f07-f7b6-40da-a076-28297513d0ff
df843868-370a-470b-bf5c-0af2b8f75415,727aa402-e84c-473e-b395-f84cbaf0f88f,e832a042-adfb-4068-bc17-372c2898e275
4a30976a-9f94-48ab-994d-32e7f45ac762,ed2c39c6-66e6-4dfb-9d9d-d125c2cbc4c5,0ac50b23-c5e4-45c8-8300-9af01d835805
09a7c016-5cc0-452b-bf41-bf59d5eb5b9f,4eeaba2d-b113-4a2f-9726-c39fa23f508f,1c555512-f5ef-4e93-a9ee-0efa5b04174b
386eb972-f4d1-44e9-bf12-e1dde4fdfefe,34d5fee9-cff8-4f5c-a12f-8acef7bb06aa,e9de3af4-7492-4dbc-ab0d-4a9a9a409460
507394d5-8222-462c-a3b7-df7602ae9678,b0a37b6b-3f33-4ba8-aec6-9c16799ec147,b4b69a72-e668-4bf4-8528-b908840f8014
113ea09f-182b-4d36-8bdd-6cb70e93b537,727aa402-e84c-473e-b395-f84cbaf0f88f,e9de3af4-7492-4dbc-ab0d-4a9a9a409460
4a7cb72f-ed9f-404f-920f-ee1d7f4f4947,f7d91879-e540-47d3-87fa-a90619d21644,aa6f89f1-836f-445f-8250-b5711f61a6f7
17ad7605-c514-4aeb-814e-aa9872b76941,1769d6ef-a50f-417f-b76e-0ba194f9334b,75f341a1-73c5-47fa-b55e-5b02f75071f4
bdb90d07-b2a7-48a7-9d7f-831344186fba,25ff710f-da2e-4520-8dc0-de9c9148f874,6290b218-8326-48c6-a059-e9ca4d2d0604
94209604-c685-4976-8c27-8fdb11e70c2c,25ff710f-da2e-4520-8dc0-de9c9148f874,a05e05b2-ebf8-46a9-8665-6b1eb4fbaf92
0ee704ee-0e8e-4bb1-bf67-ff454c69c578,f06207d1-a62d-40b9-af7d-c10c3eb9a443,335bbf7c-fea1-48da-8c00-1796bf0acacd
713f02ad-e8be-4970-bd88-fa1fac801456,a92b2eb3-f361-4b80-900a-f6ded6dcb40d,48f2b407-6013-45a7-b7c3-3082c6d0b006
682ef473-2267-4968-bcd8-fb1312ab234f,a92b2eb3-f361-4b80-900a-f6ded6dcb40d,6ccee7e4-5dad-40c7-95ac-daef5ce885e2
756482b4-69c7-41f4-bd22-7b431aa584fe,7a3feca8-72b3-40a2-8501-1d76f488d5e7,7ea6ee57-f281-4386-a987-63d4634bcf34
d7df8264-5a7f-4af0-af29-e034f6041988,32aa4b26-5b83-414a-8a6c-c8a60e296c8f,7f102457-d5d0-423b-88bd-0c7848a4b205
84450bfd-fd6b-4f9f-9c37-ba34ad062241,48415c6d-0326-4cc3-a3db-dc35a5c1207c,79ca128e-0127-4362-ad07-cc2af36394b4
e0278e6a-30ff-481d-b27e-b51fe0812bc2,48890708-90d3-4e4e-b6c7-18a2cc317ae3,9858b00b-638a-4d56-8c42-77fdcacc1c1c
102d9aae-88cc-4aeb-bf2e-f304578c5a8d,5dff8c85-867a-4395-a4c9-5df208f7c7a8,8abeecef-4014-4616-b856-d9f065e9f38d
777a3db0-275c-4893-b282-a9d7555bd80f,a8d224e3-9b54-40f2-b88d-a6ef89a588b6,1c555512-f5ef-4e93-a9ee-0efa5b04174b
8834554e-981e-4273-86d2-996f507a9134,b4caef0a-914f-4bb0-a679-07f2ca0c9540,8acc6eb5-08f4-465e-844f-74e29f9bc851
f7e8aae9-e8c6-4cd6-9971-35a093b88fce,aac2c41a-2408-44b9-9617-140f86e3d4ec,7c3a0a57-6773-4d1f-9ecb-5089f7581b97
26a4da20-80a1-4af5-9241-580a064bc0b0,250728ca-1d03-4abd-8bb5-8fb82210a8ee,9858b00b-638a-4d56-8c42-77fdcacc1c1c
b53ff30d-d1cd-443e-98c4-3db733a1992c,9e587f4f-beee-493c-99c6-e085e7683ca7,0ac50b23-c5e4-45c8-8300-9af01d835805
204c9288-e983-433f-a366-3f37c21a2ad9,f477c5a3-6a58-4303-a3db-bd18a78960f0,763c70e7-507f-4f9e-9922-72c9f3e2476d
b90a087b-e21e-4e31-8af8-b37c4160f4a3,23bb3f27-a342-4a6d-b081-ecda8c162eac,23ca0089-1ec1-4fdc-a5c9-b730efb0740e
7c98e15c-8edc-4856-b32c-0a4953a33f16,d3c0dfd4-2dc0-4526-b718-5129d55bf2fd,e6f3afa4-05c0-4945-abee-417e3ee43332
7bb974b9-fd13-4ee4-ac10-cc54932be92d,387a1aec-ec56-4fc0-9b33-13ad2c8cc5fb,081422c3-81c7-4703-b893-cdca3b76aacd
